[INFO] Scanning for projects...
[INFO] 
[INFO] ----------------------< com.padel:padelmultiple >-----------------------
[INFO] Building padelmultiple 0.0.1-SNAPSHOT
[INFO]   from pom.xml
[INFO] --------------------------------[ jar ]---------------------------------
[INFO] 
[INFO] >>> spring-boot:3.5.0:run (default-cli) > test-compile @ padelmultiple >>>
[INFO] 
[INFO] --- resources:3.3.1:resources (default-resources) @ padelmultiple ---
[INFO] Copying 1 resource from src\main\resources to target\classes
[INFO] Copying 0 resource from src\main\resources to target\classes
[INFO] 
[INFO] --- compiler:3.13.0:compile (default-compile) @ padelmultiple ---
[INFO] Nothing to compile - all classes are up to date.
[INFO] 
[INFO] --- resources:3.3.1:testResources (default-testResources) @ padelmultiple ---
[INFO] skip non existing resourceDirectory C:\Users\user\Desktop\padellAou\src\test\resources
[INFO] 
[INFO] --- compiler:3.13.0:testCompile (default-testCompile) @ padelmultiple ---
[INFO] Nothing to compile - all classes are up to date.
[INFO] 
[INFO] <<< spring-boot:3.5.0:run (default-cli) < test-compile @ padelmultiple <<<
[INFO] 
[INFO] 
[INFO] --- spring-boot:3.5.0:run (default-cli) @ padelmultiple ---
[INFO] Attaching agents: []

  .   ____          _            __ _ _
 /\\ / ___'_ __ _ _(_)_ __  __ _ \ \ \ \
( ( )\___ | '_ | '_| | '_ \/ _` | \ \ \ \
 \\/  ___)| |_)| | | | | || (_| |  ) ) ) )
  '  |____| .__|_| |_|_| |_\__, | / / / /
 =========|_|==============|___/=/_/_/_/

 :: Spring Boot ::                (v3.5.0)

2026-08-26T17:19:52.674+02:00  INFO 1756 --- [  restartedMain] com.padell.padell.PadellApplication      : Starting PadellApplication using Java 21.0.9 with PID 1756 (C:\Users\user\Desktop\padellAou\target\classes started by user in C:\Users\user\Desktop\padellAou)
2026-08-26T17:19:52.680+02:00  INFO 1756 --- [  restartedMain] com.padell.padell.PadellApplication      : No active profile set, falling back to 1 default profile: "default"
2026-08-26T17:19:52.777+02:00  INFO 1756 --- [  restartedMain] .e.DevToolsPropertyDefaultsPostProcessor : Devtools property defaults active! Set 'spring.devtools.add-properties' to 'false' to disable
2026-08-26T17:19:52.780+02:00  INFO 1756 --- [  restartedMain] .e.DevToolsPropertyDefaultsPostProcessor : For additional web related logging consider setting the 'logging.level.web' property to 'DEBUG'
2026-08-26T17:19:54.990+02:00  INFO 1756 --- [  restartedMain] .s.d.r.c.RepositoryConfigurationDelegate : Bootstrapping Spring Data JPA repositories in DEFAULT mode.
2026-08-26T17:19:55.183+02:00  INFO 1756 --- [  restartedMain] .s.d.r.c.RepositoryConfigurationDelegate : Finished Spring Data repository scanning in 164 ms. Found 9 JPA repository interfaces.
2026-08-26T17:19:56.494+02:00  INFO 1756 --- [  restartedMain] o.s.b.w.embedded.tomcat.TomcatWebServer  : Tomcat initialized with port 8082 (http)
2026-08-26T17:19:56.531+02:00  INFO 1756 --- [  restartedMain] o.apache.catalina.core.StandardService   : Starting service [Tomcat]
2026-08-26T17:19:56.536+02:00  INFO 1756 --- [  restartedMain] o.apache.catalina.core.StandardEngine    : Starting Servlet engine: [Apache Tomcat/10.1.41]
2026-08-26T17:19:56.659+02:00  INFO 1756 --- [  restartedMain] o.a.c.c.C.[Tomcat].[localhost].[/]       : Initializing Spring embedded WebApplicationContext
2026-08-26T17:19:56.661+02:00  INFO 1756 --- [  restartedMain] w.s.c.ServletWebServerApplicationContext : Root WebApplicationContext: initialization completed in 3879 ms
2026-08-26T17:19:57.421+02:00  INFO 1756 --- [  restartedMain] o.hibernate.jpa.internal.util.LogHelper  : HHH000204: Processing PersistenceUnitInfo [name: default]
2026-08-26T17:19:57.595+02:00  INFO 1756 --- [  restartedMain] org.hibernate.Version                    : HHH000412: Hibernate ORM core version 6.6.15.Final
2026-08-26T17:19:57.685+02:00  INFO 1756 --- [  restartedMain] o.h.c.internal.RegionFactoryInitiator    : HHH000026: Second-level cache disabled
2026-08-26T17:19:58.361+02:00  INFO 1756 --- [  restartedMain] o.s.o.j.p.SpringPersistenceUnitInfo      : No LoadTimeWeaver setup: ignoring JPA class transformer
2026-08-26T17:19:58.518+02:00  INFO 1756 --- [  restartedMain] com.zaxxer.hikari.HikariDataSource       : HikariPool-1 - Starting...
2026-08-26T17:19:58.985+02:00  INFO 1756 --- [  restartedMain] com.zaxxer.hikari.pool.HikariPool        : HikariPool-1 - Added connection org.postgresql.jdbc.PgConnection@2aa9a951
2026-08-26T17:19:58.989+02:00  INFO 1756 --- [  restartedMain] com.zaxxer.hikari.HikariDataSource       : HikariPool-1 - Start completed.
2026-08-26T17:19:59.214+02:00  INFO 1756 --- [  restartedMain] org.hibernate.orm.connections.pooling    : HHH10001005: Database info:
	Database JDBC URL [Connecting through datasource 'HikariDataSource (HikariPool-1)']
	Database driver: undefined/unknown
	Database version: 15.19
	Autocommit mode: undefined/unknown
	Isolation level: undefined/unknown
	Minimum pool size: undefined/unknown
	Maximum pool size: undefined/unknown
2026-08-26T17:20:01.982+02:00  INFO 1756 --- [  restartedMain] o.h.e.t.j.p.i.JtaPlatformInitiator       : HHH000489: No JTA platform available (set 'hibernate.transaction.jta.platform' to enable JTA platform integration)
2026-08-26T17:20:07.535+02:00  INFO 1756 --- [  restartedMain] j.LocalContainerEntityManagerFactoryBean : Initialized JPA EntityManagerFactory for persistence unit 'default'
2026-08-26T17:20:08.903+02:00  INFO 1756 --- [  restartedMain] o.s.d.j.r.query.QueryEnhancerFactory     : Hibernate is in classpath; If applicable, HQL parser will be used.
2026-08-26T17:20:12.843+02:00  INFO 1756 --- [  restartedMain] o.s.b.d.a.OptionalLiveReloadServer       : LiveReload server is running on port 35729
2026-08-26T17:20:12.913+02:00  INFO 1756 --- [  restartedMain] o.s.b.w.embedded.tomcat.TomcatWebServer  : Tomcat started on port 8082 (http) with context path '/'
2026-08-26T17:20:12.938+02:00  INFO 1756 --- [  restartedMain] com.padell.padell.PadellApplication      : Started PadellApplication in 21.507 seconds (process running for 22.892)
Hibernate: select m1_0.id,m1_0.created_at,m1_0.email,m1_0.matricule,m1_0.nom,m1_0.password_hash,m1_0.prenom,s1_0.id,s1_0.adresse,s1_0.annee_civile,s1_0.created_at,s1_0.duree_entre_match_minutes,s1_0.duree_match_minutes,s1_0.heure_fermeture,s1_0.heure_ouverture,s1_0.nom,s1_0.updated_at,m1_0.solde,m1_0.type_membre,m1_0.updated_at from membres m1_0 left join sites s1_0 on s1_0.id=m1_0.site_id
Hibernate: select count(*) from sites s1_0
Hibernate: select count(*) from matches m1_0
Hibernate: select m1_0.id,m1_0.created_at,m1_0.email,m1_0.matricule,m1_0.nom,m1_0.password_hash,m1_0.prenom,s1_0.id,s1_0.adresse,s1_0.annee_civile,s1_0.created_at,s1_0.duree_entre_match_minutes,s1_0.duree_match_minutes,s1_0.heure_fermeture,s1_0.heure_ouverture,s1_0.nom,s1_0.updated_at,m1_0.solde,m1_0.type_membre,m1_0.updated_at from membres m1_0 left join sites s1_0 on s1_0.id=m1_0.site_id where upper(m1_0.matricule)=upper(?)
Hibernate: select p1_0.id from penalites p1_0 left join membres m1_0 on m1_0.id=p1_0.membre_id where m1_0.id=? and p1_0.date_fin>? fetch first ? rows only
Hibernate: select m1_0.id,m1_0.created_at,m1_0.email,m1_0.matricule,m1_0.nom,m1_0.password_hash,m1_0.prenom,s1_0.id,s1_0.adresse,s1_0.annee_civile,s1_0.created_at,s1_0.duree_entre_match_minutes,s1_0.duree_match_minutes,s1_0.heure_fermeture,s1_0.heure_ouverture,s1_0.nom,s1_0.updated_at,m1_0.solde,m1_0.type_membre,m1_0.updated_at from membres m1_0 left join sites s1_0 on s1_0.id=m1_0.site_id where upper(m1_0.matricule)=upper(?)
Hibernate: select m1_0.id,m1_0.created_at,m1_0.email,mo1_0.organisateur_id,mo1_0.id,mo1_0.created_at,mo1_0.date_conversion_public,mo1_0.date_debut,mo1_0.date_fin,mo1_0.nb_joueurs_actuels,mo1_0.prix_par_joueur,mo1_0.prix_total,mo1_0.statut,mo1_0.terrain_id,mo1_0.type_match,mo1_0.updated_at,m1_0.matricule,m1_0.nom,m1_0.password_hash,m1_0.prenom,m1_0.site_id,m1_0.solde,m1_0.type_membre,m1_0.updated_at from membres m1_0 left join matches mo1_0 on m1_0.id=mo1_0.organisateur_id where m1_0.id=?
Hibernate: select r1_0.match_id,r1_0.id,r1_0.created_at,r1_0.membre_id,p1_0.id,p1_0.created_at,p1_0.date_paiement,p1_0.montant,p1_0.reservation_id,p1_0.statut,p1_0.updated_at,r1_0.statut,r1_0.updated_at from reservations r1_0 left join paiements p1_0 on r1_0.id=p1_0.reservation_id where r1_0.match_id=?
Hibernate: select r1_0.membre_id,r1_0.id,r1_0.created_at,r1_0.match_id,p1_0.id,p1_0.created_at,p1_0.date_paiement,p1_0.montant,p1_0.reservation_id,p1_0.statut,p1_0.updated_at,r1_0.statut,r1_0.updated_at from reservations r1_0 left join paiements p1_0 on r1_0.id=p1_0.reservation_id where r1_0.membre_id=?
Hibernate: select p1_0.membre_id,p1_0.id,p1_0.created_at,p1_0.date_fin,p1_0.motif,p1_0.updated_at from penalites p1_0 where p1_0.membre_id=?
Hibernate: select r1_0.match_id,r1_0.id,r1_0.created_at,r1_0.membre_id,p1_0.id,p1_0.created_at,p1_0.date_paiement,p1_0.montant,p1_0.reservation_id,p1_0.statut,p1_0.updated_at,r1_0.statut,r1_0.updated_at from reservations r1_0 left join paiements p1_0 on r1_0.id=p1_0.reservation_id where r1_0.match_id=?
Hibernate: update membres set email=?,matricule=?,nom=?,password_hash=?,prenom=?,site_id=?,solde=?,type_membre=?,updated_at=? where id=?
Hibernate: select m1_0.id,m1_0.created_at,m1_0.email,m1_0.matricule,m1_0.nom,m1_0.password_hash,m1_0.prenom,s1_0.id,s1_0.adresse,s1_0.annee_civile,s1_0.created_at,s1_0.duree_entre_match_minutes,s1_0.duree_match_minutes,s1_0.heure_fermeture,s1_0.heure_ouverture,s1_0.nom,s1_0.updated_at,m1_0.solde,m1_0.type_membre,m1_0.updated_at from membres m1_0 left join sites s1_0 on s1_0.id=m1_0.site_id where upper(m1_0.matricule)=upper(?)
Hibernate: select m1_0.id,m1_0.created_at,m1_0.email,mo1_0.organisateur_id,mo1_0.id,mo1_0.created_at,mo1_0.date_conversion_public,mo1_0.date_debut,mo1_0.date_fin,mo1_0.nb_joueurs_actuels,mo1_0.prix_par_joueur,mo1_0.prix_total,mo1_0.statut,mo1_0.terrain_id,mo1_0.type_match,mo1_0.updated_at,m1_0.matricule,m1_0.nom,m1_0.password_hash,m1_0.prenom,m1_0.site_id,m1_0.solde,m1_0.type_membre,m1_0.updated_at from membres m1_0 left join matches mo1_0 on m1_0.id=mo1_0.organisateur_id where m1_0.id=?
Hibernate: select r1_0.membre_id,r1_0.id,r1_0.created_at,r1_0.match_id,p1_0.id,p1_0.created_at,p1_0.date_paiement,p1_0.montant,p1_0.reservation_id,p1_0.statut,p1_0.updated_at,r1_0.statut,r1_0.updated_at from reservations r1_0 left join paiements p1_0 on r1_0.id=p1_0.reservation_id where r1_0.membre_id=?
Hibernate: select p1_0.membre_id,p1_0.id,p1_0.created_at,p1_0.date_fin,p1_0.motif,p1_0.updated_at from penalites p1_0 where p1_0.membre_id=?
Hibernate: update membres set email=?,matricule=?,nom=?,password_hash=?,prenom=?,site_id=?,solde=?,type_membre=?,updated_at=? where id=?
Hibernate: select m1_0.id,m1_0.created_at,m1_0.email,m1_0.matricule,m1_0.nom,m1_0.password_hash,m1_0.prenom,s1_0.id,s1_0.adresse,s1_0.annee_civile,s1_0.created_at,s1_0.duree_entre_match_minutes,s1_0.duree_match_minutes,s1_0.heure_fermeture,s1_0.heure_ouverture,s1_0.nom,s1_0.updated_at,m1_0.solde,m1_0.type_membre,m1_0.updated_at from membres m1_0 left join sites s1_0 on s1_0.id=m1_0.site_id where upper(m1_0.matricule)=upper(?)
Hibernate: select m1_0.id,m1_0.created_at,m1_0.email,mo1_0.organisateur_id,mo1_0.id,mo1_0.created_at,mo1_0.date_conversion_public,mo1_0.date_debut,mo1_0.date_fin,mo1_0.nb_joueurs_actuels,mo1_0.prix_par_joueur,mo1_0.prix_total,mo1_0.statut,mo1_0.terrain_id,mo1_0.type_match,mo1_0.updated_at,m1_0.matricule,m1_0.nom,m1_0.password_hash,m1_0.prenom,m1_0.site_id,m1_0.solde,m1_0.type_membre,m1_0.updated_at from membres m1_0 left join matches mo1_0 on m1_0.id=mo1_0.organisateur_id where m1_0.id=?
Hibernate: select r1_0.membre_id,r1_0.id,r1_0.created_at,r1_0.match_id,p1_0.id,p1_0.created_at,p1_0.date_paiement,p1_0.montant,p1_0.reservation_id,p1_0.statut,p1_0.updated_at,r1_0.statut,r1_0.updated_at from reservations r1_0 left join paiements p1_0 on r1_0.id=p1_0.reservation_id where r1_0.membre_id=?
Hibernate: select p1_0.membre_id,p1_0.id,p1_0.created_at,p1_0.date_fin,p1_0.motif,p1_0.updated_at from penalites p1_0 where p1_0.membre_id=?
Hibernate: select r1_0.match_id,r1_0.id,r1_0.created_at,r1_0.membre_id,p1_0.id,p1_0.created_at,p1_0.date_paiement,p1_0.montant,p1_0.reservation_id,p1_0.statut,p1_0.updated_at,r1_0.statut,r1_0.updated_at from reservations r1_0 left join paiements p1_0 on r1_0.id=p1_0.reservation_id where r1_0.match_id=?
Hibernate: update membres set email=?,matricule=?,nom=?,password_hash=?,prenom=?,site_id=?,solde=?,type_membre=?,updated_at=? where id=?
Hibernate: select m1_0.id,m1_0.created_at,m1_0.email,m1_0.matricule,m1_0.nom,m1_0.password_hash,m1_0.prenom,s1_0.id,s1_0.adresse,s1_0.annee_civile,s1_0.created_at,s1_0.duree_entre_match_minutes,s1_0.duree_match_minutes,s1_0.heure_fermeture,s1_0.heure_ouverture,s1_0.nom,s1_0.updated_at,m1_0.solde,m1_0.type_membre,m1_0.updated_at from membres m1_0 left join sites s1_0 on s1_0.id=m1_0.site_id where upper(m1_0.matricule)=upper(?)
Hibernate: select m1_0.id,m1_0.created_at,m1_0.email,mo1_0.organisateur_id,mo1_0.id,mo1_0.created_at,mo1_0.date_conversion_public,mo1_0.date_debut,mo1_0.date_fin,mo1_0.nb_joueurs_actuels,mo1_0.prix_par_joueur,mo1_0.prix_total,mo1_0.statut,mo1_0.terrain_id,mo1_0.type_match,mo1_0.updated_at,m1_0.matricule,m1_0.nom,m1_0.password_hash,m1_0.prenom,m1_0.site_id,m1_0.solde,m1_0.type_membre,m1_0.updated_at from membres m1_0 left join matches mo1_0 on m1_0.id=mo1_0.organisateur_id where m1_0.id=?
Hibernate: select r1_0.membre_id,r1_0.id,r1_0.created_at,r1_0.match_id,p1_0.id,p1_0.created_at,p1_0.date_paiement,p1_0.montant,p1_0.reservation_id,p1_0.statut,p1_0.updated_at,r1_0.statut,r1_0.updated_at from reservations r1_0 left join paiements p1_0 on r1_0.id=p1_0.reservation_id where r1_0.membre_id=?
Hibernate: select p1_0.membre_id,p1_0.id,p1_0.created_at,p1_0.date_fin,p1_0.motif,p1_0.updated_at from penalites p1_0 where p1_0.membre_id=?
Hibernate: select r1_0.match_id,r1_0.id,r1_0.created_at,r1_0.membre_id,p1_0.id,p1_0.created_at,p1_0.date_paiement,p1_0.montant,p1_0.reservation_id,p1_0.statut,p1_0.updated_at,r1_0.statut,r1_0.updated_at from reservations r1_0 left join paiements p1_0 on r1_0.id=p1_0.reservation_id where r1_0.match_id=?
Hibernate: update membres set email=?,matricule=?,nom=?,password_hash=?,prenom=?,site_id=?,solde=?,type_membre=?,updated_at=? where id=?
Hibernate: select m1_0.id,m1_0.created_at,m1_0.email,m1_0.matricule,m1_0.nom,m1_0.password_hash,m1_0.prenom,s1_0.id,s1_0.adresse,s1_0.annee_civile,s1_0.created_at,s1_0.duree_entre_match_minutes,s1_0.duree_match_minutes,s1_0.heure_fermeture,s1_0.heure_ouverture,s1_0.nom,s1_0.updated_at,m1_0.solde,m1_0.type_membre,m1_0.updated_at from membres m1_0 left join sites s1_0 on s1_0.id=m1_0.site_id where upper(m1_0.matricule)=upper(?)
Hibernate: select m1_0.id,m1_0.created_at,m1_0.email,mo1_0.organisateur_id,mo1_0.id,mo1_0.created_at,mo1_0.date_conversion_public,mo1_0.date_debut,mo1_0.date_fin,mo1_0.nb_joueurs_actuels,mo1_0.prix_par_joueur,mo1_0.prix_total,mo1_0.statut,mo1_0.terrain_id,mo1_0.type_match,mo1_0.updated_at,m1_0.matricule,m1_0.nom,m1_0.password_hash,m1_0.prenom,m1_0.site_id,m1_0.solde,m1_0.type_membre,m1_0.updated_at from membres m1_0 left join matches mo1_0 on m1_0.id=mo1_0.organisateur_id where m1_0.id=?
Hibernate: select r1_0.membre_id,r1_0.id,r1_0.created_at,r1_0.match_id,p1_0.id,p1_0.created_at,p1_0.date_paiement,p1_0.montant,p1_0.reservation_id,p1_0.statut,p1_0.updated_at,r1_0.statut,r1_0.updated_at from reservations r1_0 left join paiements p1_0 on r1_0.id=p1_0.reservation_id where r1_0.membre_id=?
Hibernate: select p1_0.membre_id,p1_0.id,p1_0.created_at,p1_0.date_fin,p1_0.motif,p1_0.updated_at from penalites p1_0 where p1_0.membre_id=?
Hibernate: update membres set email=?,matricule=?,nom=?,password_hash=?,prenom=?,site_id=?,solde=?,type_membre=?,updated_at=? where id=?
Hibernate: select m1_0.id,m1_0.created_at,m1_0.email,m1_0.matricule,m1_0.nom,m1_0.password_hash,m1_0.prenom,s1_0.id,s1_0.adresse,s1_0.annee_civile,s1_0.created_at,s1_0.duree_entre_match_minutes,s1_0.duree_match_minutes,s1_0.heure_fermeture,s1_0.heure_ouverture,s1_0.nom,s1_0.updated_at,m1_0.solde,m1_0.type_membre,m1_0.updated_at from membres m1_0 left join sites s1_0 on s1_0.id=m1_0.site_id where upper(m1_0.matricule)=upper(?)
Hibernate: select m1_0.id,m1_0.created_at,m1_0.email,mo1_0.organisateur_id,mo1_0.id,mo1_0.created_at,mo1_0.date_conversion_public,mo1_0.date_debut,mo1_0.date_fin,mo1_0.nb_joueurs_actuels,mo1_0.prix_par_joueur,mo1_0.prix_total,mo1_0.statut,mo1_0.terrain_id,mo1_0.type_match,mo1_0.updated_at,m1_0.matricule,m1_0.nom,m1_0.password_hash,m1_0.prenom,m1_0.site_id,m1_0.solde,m1_0.type_membre,m1_0.updated_at from membres m1_0 left join matches mo1_0 on m1_0.id=mo1_0.organisateur_id where m1_0.id=?
Hibernate: select r1_0.membre_id,r1_0.id,r1_0.created_at,r1_0.match_id,p1_0.id,p1_0.created_at,p1_0.date_paiement,p1_0.montant,p1_0.reservation_id,p1_0.statut,p1_0.updated_at,r1_0.statut,r1_0.updated_at from reservations r1_0 left join paiements p1_0 on r1_0.id=p1_0.reservation_id where r1_0.membre_id=?
Hibernate: select p1_0.membre_id,p1_0.id,p1_0.created_at,p1_0.date_fin,p1_0.motif,p1_0.updated_at from penalites p1_0 where p1_0.membre_id=?
Hibernate: update membres set email=?,matricule=?,nom=?,password_hash=?,prenom=?,site_id=?,solde=?,type_membre=?,updated_at=? where id=?
Hibernate: select a1_0.id,a1_0.created_at,a1_0.email,a1_0.matricule,a1_0.nom,a1_0.password_hash,a1_0.prenom,a1_0.site_id,a1_0.type_administrateur,a1_0.updated_at from administrateurs a1_0 where a1_0.email=?
Hibernate: select a1_0.id,a1_0.created_at,a1_0.email,a1_0.matricule,a1_0.nom,a1_0.password_hash,a1_0.prenom,a1_0.site_id,a1_0.type_administrateur,a1_0.updated_at from administrateurs a1_0 where a1_0.id=?
Hibernate: update administrateurs set email=?,matricule=?,nom=?,password_hash=?,prenom=?,site_id=?,type_administrateur=?,updated_at=? where id=?
Hibernate: select a1_0.id,a1_0.created_at,a1_0.email,a1_0.matricule,a1_0.nom,a1_0.password_hash,a1_0.prenom,a1_0.site_id,a1_0.type_administrateur,a1_0.updated_at from administrateurs a1_0 where a1_0.email=?
Hibernate: select a1_0.id,a1_0.created_at,a1_0.email,a1_0.matricule,a1_0.nom,a1_0.password_hash,a1_0.prenom,a1_0.site_id,a1_0.type_administrateur,a1_0.updated_at from administrateurs a1_0 where a1_0.id=?
Hibernate: update administrateurs set email=?,matricule=?,nom=?,password_hash=?,prenom=?,site_id=?,type_administrateur=?,updated_at=? where id=?
Hibernate: select a1_0.id,a1_0.created_at,a1_0.email,a1_0.matricule,a1_0.nom,a1_0.password_hash,a1_0.prenom,a1_0.site_id,a1_0.type_administrateur,a1_0.updated_at from administrateurs a1_0 where a1_0.email=?
Hibernate: select a1_0.id,a1_0.created_at,a1_0.email,a1_0.matricule,a1_0.nom,a1_0.password_hash,a1_0.prenom,a1_0.site_id,a1_0.type_administrateur,a1_0.updated_at from administrateurs a1_0 where a1_0.id=?
Hibernate: update administrateurs set email=?,matricule=?,nom=?,password_hash=?,prenom=?,site_id=?,type_administrateur=?,updated_at=? where id=?
2026-08-26T17:20:14.929+02:00  INFO 1756 --- [  restartedMain] com.padell.padell.DataInitializer        : DataInitializer : base de donnees deja initialisee, initialisation ignoree...
2026-08-26T17:23:17.001+02:00  WARN 1756 --- [l-1:housekeeper] com.zaxxer.hikari.pool.PoolBase          : HikariPool-1 - Failed to validate connection org.postgresql.jdbc.PgConnection@267f0276 (This connection has been closed.). Possibly consider using a shorter maxLifetime value.
2026-08-26T17:23:22.033+02:00  WARN 1756 --- [l-1:housekeeper] com.zaxxer.hikari.pool.PoolBase          : HikariPool-1 - Failed to validate connection org.postgresql.jdbc.PgConnection@4ba43b28 (This connection has been closed.). Possibly consider using a shorter maxLifetime value.
2026-08-26T17:23:43.835+02:00  WARN 1756 --- [l-1:housekeeper] com.zaxxer.hikari.pool.PoolBase          : HikariPool-1 - Failed to validate connection org.postgresql.jdbc.PgConnection@1596ec98 (This connection has been closed.). Possibly consider using a shorter maxLifetime value.
2026-08-26T17:23:48.853+02:00  WARN 1756 --- [l-1:housekeeper] com.zaxxer.hikari.pool.PoolBase          : HikariPool-1 - Failed to validate connection org.postgresql.jdbc.PgConnection@6c0864b2 (This connection has been closed.). Possibly consider using a shorter maxLifetime value.
2026-08-26T17:23:53.860+02:00  WARN 1756 --- [l-1:housekeeper] com.zaxxer.hikari.pool.PoolBase          : HikariPool-1 - Failed to validate connection org.postgresql.jdbc.PgConnection@61f7f60 (This connection has been closed.). Possibly consider using a shorter maxLifetime value.
2026-08-26T17:23:58.881+02:00  WARN 1756 --- [l-1:housekeeper] com.zaxxer.hikari.pool.PoolBase          : HikariPool-1 - Failed to validate connection org.postgresql.jdbc.PgConnection@3680df45 (This connection has been closed.). Possibly consider using a shorter maxLifetime value.
2026-08-26T17:24:04.071+02:00  WARN 1756 --- [l-1:housekeeper] com.zaxxer.hikari.pool.PoolBase          : HikariPool-1 - Failed to validate connection org.postgresql.jdbc.PgConnection@2aa9a951 (This connection has been closed.). Possibly consider using a shorter maxLifetime value.
2026-08-26T17:27:37.402+02:00  INFO 1756 --- [nio-8082-exec-1] o.a.c.c.C.[Tomcat].[localhost].[/]       : Initializing Spring DispatcherServlet 'dispatcherServlet'
2026-08-26T17:27:37.420+02:00  INFO 1756 --- [nio-8082-exec-1] o.s.web.servlet.DispatcherServlet        : Initializing Servlet 'dispatcherServlet'
2026-08-26T17:27:37.497+02:00  INFO 1756 --- [nio-8082-exec-1] o.s.web.servlet.DispatcherServlet        : Completed initialization in 76 ms
2026-08-26T17:27:40.002+02:00  INFO 1756 --- [nio-8082-exec-8] o.springdoc.api.AbstractOpenApiResource  : Init duration for springdoc-openapi is: 1594 ms
Hibernate: select m1_0.id,m1_0.created_at,m1_0.email,m1_0.matricule,m1_0.nom,m1_0.password_hash,m1_0.prenom,s1_0.id,s1_0.adresse,s1_0.annee_civile,s1_0.created_at,s1_0.duree_entre_match_minutes,s1_0.duree_match_minutes,s1_0.heure_fermeture,s1_0.heure_ouverture,s1_0.nom,s1_0.updated_at,m1_0.solde,m1_0.type_membre,m1_0.updated_at from membres m1_0 left join sites s1_0 on s1_0.id=m1_0.site_id where upper(m1_0.matricule)=upper(?)
Hibernate: select m1_0.id,m1_0.created_at,m1_0.email,m1_0.matricule,m1_0.nom,m1_0.password_hash,m1_0.prenom,s1_0.id,s1_0.adresse,s1_0.annee_civile,s1_0.created_at,s1_0.duree_entre_match_minutes,s1_0.duree_match_minutes,s1_0.heure_fermeture,s1_0.heure_ouverture,s1_0.nom,s1_0.updated_at,m1_0.solde,m1_0.type_membre,m1_0.updated_at from membres m1_0 left join sites s1_0 on s1_0.id=m1_0.site_id where upper(m1_0.matricule)=upper(?)
Hibernate: select m1_0.id,m1_0.created_at,m1_0.email,m1_0.matricule,m1_0.nom,m1_0.password_hash,m1_0.prenom,s1_0.id,s1_0.adresse,s1_0.annee_civile,s1_0.created_at,s1_0.duree_entre_match_minutes,s1_0.duree_match_minutes,s1_0.heure_fermeture,s1_0.heure_ouverture,s1_0.nom,s1_0.updated_at,m1_0.solde,m1_0.type_membre,m1_0.updated_at from membres m1_0 left join sites s1_0 on s1_0.id=m1_0.site_id where m1_0.id=?
Hibernate: select m1_0.id,m1_0.created_at,m1_0.email,m1_0.matricule,m1_0.nom,m1_0.password_hash,m1_0.prenom,s1_0.id,s1_0.adresse,s1_0.annee_civile,s1_0.created_at,s1_0.duree_entre_match_minutes,s1_0.duree_match_minutes,s1_0.heure_fermeture,s1_0.heure_ouverture,s1_0.nom,s1_0.updated_at,m1_0.solde,m1_0.type_membre,m1_0.updated_at from membres m1_0 left join sites s1_0 on s1_0.id=m1_0.site_id where m1_0.id=?
Hibernate: select m1_0.id,m1_0.created_at,m1_0.email,m1_0.matricule,m1_0.nom,m1_0.password_hash,m1_0.prenom,s1_0.id,s1_0.adresse,s1_0.annee_civile,s1_0.created_at,s1_0.duree_entre_match_minutes,s1_0.duree_match_minutes,s1_0.heure_fermeture,s1_0.heure_ouverture,s1_0.nom,s1_0.updated_at,m1_0.solde,m1_0.type_membre,m1_0.updated_at from membres m1_0 left join sites s1_0 on s1_0.id=m1_0.site_id where upper(m1_0.matricule)=upper(?)
Hibernate: select m1_0.id,m1_0.created_at,m1_0.email,m1_0.matricule,m1_0.nom,m1_0.password_hash,m1_0.prenom,s1_0.id,s1_0.adresse,s1_0.annee_civile,s1_0.created_at,s1_0.duree_entre_match_minutes,s1_0.duree_match_minutes,s1_0.heure_fermeture,s1_0.heure_ouverture,s1_0.nom,s1_0.updated_at,m1_0.solde,m1_0.type_membre,m1_0.updated_at from membres m1_0 left join sites s1_0 on s1_0.id=m1_0.site_id where m1_0.id=?
Hibernate: select m1_0.id,m1_0.created_at,m1_0.email,m1_0.matricule,m1_0.nom,m1_0.password_hash,m1_0.prenom,s1_0.id,s1_0.adresse,s1_0.annee_civile,s1_0.created_at,s1_0.duree_entre_match_minutes,s1_0.duree_match_minutes,s1_0.heure_fermeture,s1_0.heure_ouverture,s1_0.nom,s1_0.updated_at,m1_0.solde,m1_0.type_membre,m1_0.updated_at from membres m1_0 left join sites s1_0 on s1_0.id=m1_0.site_id where upper(m1_0.matricule)=upper(?)
Hibernate: select p1_0.id from penalites p1_0 left join membres m1_0 on m1_0.id=p1_0.membre_id where m1_0.id=? and p1_0.date_fin>? fetch first ? rows only
Hibernate: select m1_0.id,m1_0.created_at,m1_0.email,m1_0.matricule,m1_0.nom,m1_0.password_hash,m1_0.prenom,s1_0.id,s1_0.adresse,s1_0.annee_civile,s1_0.created_at,s1_0.duree_entre_match_minutes,s1_0.duree_match_minutes,s1_0.heure_fermeture,s1_0.heure_ouverture,s1_0.nom,s1_0.updated_at,m1_0.solde,m1_0.type_membre,m1_0.updated_at from membres m1_0 left join sites s1_0 on s1_0.id=m1_0.site_id where upper(m1_0.matricule)=upper(?)
Hibernate: select m1_0.id,m1_0.created_at,m1_0.email,m1_0.matricule,m1_0.nom,m1_0.password_hash,m1_0.prenom,s1_0.id,s1_0.adresse,s1_0.annee_civile,s1_0.created_at,s1_0.duree_entre_match_minutes,s1_0.duree_match_minutes,s1_0.heure_fermeture,s1_0.heure_ouverture,s1_0.nom,s1_0.updated_at,m1_0.solde,m1_0.type_membre,m1_0.updated_at from membres m1_0 left join sites s1_0 on s1_0.id=m1_0.site_id where upper(m1_0.matricule)=upper(?)
Hibernate: select r1_0.id,r1_0.created_at,r1_0.match_id,r1_0.membre_id,r1_0.statut,r1_0.updated_at from reservations r1_0 left join membres m1_0 on m1_0.id=r1_0.membre_id where m1_0.id=?
Hibernate: select m1_0.id,m1_0.created_at,m1_0.date_conversion_public,m1_0.date_debut,m1_0.date_fin,m1_0.nb_joueurs_actuels,m1_0.organisateur_id,o2_0.id,o2_0.created_at,o2_0.email,o2_0.matricule,o2_0.nom,o2_0.password_hash,o2_0.prenom,o2_0.site_id,o2_0.solde,o2_0.type_membre,o2_0.updated_at,m1_0.prix_par_joueur,m1_0.prix_total,m1_0.statut,m1_0.terrain_id,t1_0.id,t1_0.created_at,t1_0.nom,t1_0.prix,t1_0.site_id,s2_0.id,s2_0.adresse,s2_0.annee_civile,s2_0.created_at,s2_0.duree_entre_match_minutes,s2_0.duree_match_minutes,s2_0.heure_fermeture,s2_0.heure_ouverture,s2_0.nom,s2_0.updated_at,t1_0.updated_at,m1_0.type_match,m1_0.updated_at from matches m1_0 left join membres o1_0 on o1_0.id=m1_0.organisateur_id join membres o2_0 on o2_0.id=m1_0.organisateur_id join terrains t1_0 on t1_0.id=m1_0.terrain_id join sites s2_0 on s2_0.id=t1_0.site_id where o1_0.id=?
Hibernate: select p1_0.id,p1_0.created_at,p1_0.date_paiement,p1_0.montant,p1_0.reservation_id,p1_0.statut,p1_0.updated_at from paiements p1_0 where p1_0.reservation_id=?
org.hibernate.LazyInitializationException: Could not initialize proxy [com.padell.padell.entity.Match#4] - no session
	at org.hibernate.proxy.AbstractLazyInitializer.initialize(AbstractLazyInitializer.java:174)
	at org.hibernate.proxy.AbstractLazyInitializer.getImplementation(AbstractLazyInitializer.java:328)
	at org.hibernate.proxy.pojo.bytebuddy.ByteBuddyInterceptor.intercept(ByteBuddyInterceptor.java:44)
	at org.hibernate.proxy.ProxyConfiguration$InterceptorDispatcher.intercept(ProxyConfiguration.java:102)
	at com.padell.padell.entity.Match$HibernateProxy.getDateDebut(Unknown Source)
	at com.padell.padell.mapper.ReservationMapper.toResponse(ReservationMapper.java:30)
	at java.base/java.util.stream.ReferencePipeline$3$1.accept(ReferencePipeline.java:197)
	at java.base/java.util.ArrayList$ArrayListSpliterator.forEachRemaining(ArrayList.java:1708)
	at java.base/java.util.stream.AbstractPipeline.copyInto(AbstractPipeline.java:509)
	at java.base/java.util.stream.AbstractPipeline.wrapAndCopyInto(AbstractPipeline.java:499)
	at java.base/java.util.stream.AbstractPipeline.evaluate(AbstractPipeline.java:575)
	at java.base/java.util.stream.AbstractPipeline.evaluateToArrayNode(AbstractPipeline.java:260)
	at java.base/java.util.stream.ReferencePipeline.toArray(ReferencePipeline.java:616)
	at java.base/java.util.stream.ReferencePipeline.toArray(ReferencePipeline.java:622)
	at java.base/java.util.stream.ReferencePipeline.toList(ReferencePipeline.java:627)
	at com.padell.padell.controller.ReservationController.getByMembreId(ReservationController.java:157)
	at java.base/jdk.internal.reflect.DirectMethodHandleAccessor.invoke(DirectMethodHandleAccessor.java:103)
	at java.base/java.lang.reflect.Method.invoke(Method.java:580)
	at org.springframework.web.method.support.InvocableHandlerMethod.doInvoke(InvocableHandlerMethod.java:258)
	at org.springframework.web.method.support.InvocableHandlerMethod.invokeForRequest(InvocableHandlerMethod.java:191)
	at org.springframework.web.servlet.mvc.method.annotation.ServletInvocableHandlerMethod.invokeAndHandle(ServletInvocableHandlerMethod.java:118)
	at org.springframework.web.servlet.mvc.method.annotation.RequestMappingHandlerAdapter.invokeHandlerMethod(RequestMappingHandlerAdapter.java:986)
	at org.springframework.web.servlet.mvc.method.annotation.RequestMappingHandlerAdapter.handleInternal(RequestMappingHandlerAdapter.java:891)
	at org.springframework.web.servlet.mvc.method.AbstractHandlerMethodAdapter.handle(AbstractHandlerMethodAdapter.java:87)
	at org.springframework.web.servlet.DispatcherServlet.doDispatch(DispatcherServlet.java:1089)
	at org.springframework.web.servlet.DispatcherServlet.doService(DispatcherServlet.java:979)
	at org.springframework.web.servlet.FrameworkServlet.processRequest(FrameworkServlet.java:1014)
	at org.springframework.web.servlet.FrameworkServlet.doGet(FrameworkServlet.java:903)
	at jakarta.servlet.http.HttpServlet.service(HttpServlet.java:564)
	at org.springframework.web.servlet.FrameworkServlet.service(FrameworkServlet.java:885)
	at jakarta.servlet.http.HttpServlet.service(HttpServlet.java:658)
	at org.apache.catalina.core.ApplicationFilterChain.internalDoFilter(ApplicationFilterChain.java:195)
	at org.apache.catalina.core.ApplicationFilterChain.doFilter(ApplicationFilterChain.java:140)
	at org.apache.tomcat.websocket.server.WsFilter.doFilter(WsFilter.java:51)
	at org.apache.catalina.core.ApplicationFilterChain.internalDoFilter(ApplicationFilterChain.java:164)
	at org.apache.catalina.core.ApplicationFilterChain.doFilter(ApplicationFilterChain.java:140)
	at org.springframework.web.filter.OncePerRequestFilter.doFilter(OncePerRequestFilter.java:110)
	at org.apache.catalina.core.ApplicationFilterChain.internalDoFilter(ApplicationFilterChain.java:164)
	at org.apache.catalina.core.ApplicationFilterChain.doFilter(ApplicationFilterChain.java:140)
	at org.springframework.web.filter.CompositeFilter$VirtualFilterChain.doFilter(CompositeFilter.java:108)
	at org.springframework.web.filter.CompositeFilter$VirtualFilterChain.doFilter(CompositeFilter.java:108)
	at org.springframework.security.web.FilterChainProxy.lambda$doFilterInternal$3(FilterChainProxy.java:231)
	at org.springframework.security.web.FilterChainProxy$VirtualFilterChain.doFilter(FilterChainProxy.java:365)
	at org.springframework.security.web.access.intercept.AuthorizationFilter.doFilter(AuthorizationFilter.java:101)
	at org.springframework.security.web.FilterChainProxy$VirtualFilterChain.doFilter(FilterChainProxy.java:374)
	at org.springframework.security.web.access.ExceptionTranslationFilter.doFilter(ExceptionTranslationFilter.java:125)
	at org.springframework.security.web.access.ExceptionTranslationFilter.doFilter(ExceptionTranslationFilter.java:119)
	at org.springframework.security.web.FilterChainProxy$VirtualFilterChain.doFilter(FilterChainProxy.java:374)
	at org.springframework.security.web.session.SessionManagementFilter.doFilter(SessionManagementFilter.java:131)
	at org.springframework.security.web.session.SessionManagementFilter.doFilter(SessionManagementFilter.java:85)
	at org.springframework.security.web.FilterChainProxy$VirtualFilterChain.doFilter(FilterChainProxy.java:374)
	at org.springframework.security.web.authentication.AnonymousAuthenticationFilter.doFilter(AnonymousAuthenticationFilter.java:100)
	at org.springframework.security.web.FilterChainProxy$VirtualFilterChain.doFilter(FilterChainProxy.java:374)
	at org.springframework.security.web.servletapi.SecurityContextHolderAwareRequestFilter.doFilter(SecurityContextHolderAwareRequestFilter.java:179)
	at org.springframework.security.web.FilterChainProxy$VirtualFilterChain.doFilter(FilterChainProxy.java:374)
	at org.springframework.security.web.savedrequest.RequestCacheAwareFilter.doFilter(RequestCacheAwareFilter.java:63)
	at org.springframework.security.web.FilterChainProxy$VirtualFilterChain.doFilter(FilterChainProxy.java:374)
	at com.padell.padell.config.JwtAuthenticationFilter.doFilterInternal(JwtAuthenticationFilter.java:60)
	at org.springframework.web.filter.OncePerRequestFilter.doFilter(OncePerRequestFilter.java:116)
	at org.springframework.security.web.FilterChainProxy$VirtualFilterChain.doFilter(FilterChainProxy.java:374)
	at org.springframework.security.web.authentication.logout.LogoutFilter.doFilter(LogoutFilter.java:107)
	at org.springframework.security.web.authentication.logout.LogoutFilter.doFilter(LogoutFilter.java:93)
	at org.springframework.security.web.FilterChainProxy$VirtualFilterChain.doFilter(FilterChainProxy.java:374)
	at org.springframework.security.web.header.HeaderWriterFilter.doHeadersAfter(HeaderWriterFilter.java:90)
	at org.springframework.security.web.header.HeaderWriterFilter.doFilterInternal(HeaderWriterFilter.java:75)
	at org.springframework.web.filter.OncePerRequestFilter.doFilter(OncePerRequestFilter.java:116)
	at org.springframework.security.web.FilterChainProxy$VirtualFilterChain.doFilter(FilterChainProxy.java:374)
	at org.springframework.security.web.context.SecurityContextHolderFilter.doFilter(SecurityContextHolderFilter.java:82)
	at org.springframework.security.web.context.SecurityContextHolderFilter.doFilter(SecurityContextHolderFilter.java:69)
	at org.springframework.security.web.FilterChainProxy$VirtualFilterChain.doFilter(FilterChainProxy.java:374)
	at org.springframework.security.web.context.request.async.WebAsyncManagerIntegrationFilter.doFilterInternal(WebAsyncManagerIntegrationFilter.java:62)
	at org.springframework.web.filter.OncePerRequestFilter.doFilter(OncePerRequestFilter.java:116)
	at org.springframework.security.web.FilterChainProxy$VirtualFilterChain.doFilter(FilterChainProxy.java:374)
	at org.springframework.security.web.session.DisableEncodeUrlFilter.doFilterInternal(DisableEncodeUrlFilter.java:42)
	at org.springframework.web.filter.OncePerRequestFilter.doFilter(OncePerRequestFilter.java:116)
	at org.springframework.security.web.FilterChainProxy$VirtualFilterChain.doFilter(FilterChainProxy.java:374)
	at org.springframework.security.web.FilterChainProxy.doFilterInternal(FilterChainProxy.java:233)
	at org.springframework.security.web.FilterChainProxy.doFilter(FilterChainProxy.java:191)
	at org.springframework.web.filter.CompositeFilter$VirtualFilterChain.doFilter(CompositeFilter.java:113)
	at org.springframework.web.filter.ServletRequestPathFilter.doFilter(ServletRequestPathFilter.java:52)
	at org.springframework.web.filter.CompositeFilter$VirtualFilterChain.doFilter(CompositeFilter.java:113)
	at org.springframework.web.filter.CompositeFilter.doFilter(CompositeFilter.java:74)
	at org.springframework.security.config.annotation.web.configuration.WebSecurityConfiguration$CompositeFilterChainProxy.doFilter(WebSecurityConfiguration.java:319)
	at org.springframework.web.filter.CompositeFilter$VirtualFilterChain.doFilter(CompositeFilter.java:113)
	at org.springframework.web.servlet.handler.HandlerMappingIntrospector.lambda$createCacheFilter$3(HandlerMappingIntrospector.java:243)
	at org.springframework.web.filter.CompositeFilter$VirtualFilterChain.doFilter(CompositeFilter.java:113)
	at org.springframework.web.filter.CompositeFilter.doFilter(CompositeFilter.java:74)
	at org.springframework.security.config.annotation.web.configuration.WebMvcSecurityConfiguration$CompositeFilterChainProxy.doFilter(WebMvcSecurityConfiguration.java:240)
	at org.springframework.web.filter.DelegatingFilterProxy.invokeDelegate(DelegatingFilterProxy.java:362)
	at org.springframework.web.filter.DelegatingFilterProxy.doFilter(DelegatingFilterProxy.java:278)
	at org.apache.catalina.core.ApplicationFilterChain.internalDoFilter(ApplicationFilterChain.java:164)
	at org.apache.catalina.core.ApplicationFilterChain.doFilter(ApplicationFilterChain.java:140)
	at org.springframework.web.filter.RequestContextFilter.doFilterInternal(RequestContextFilter.java:100)
	at org.springframework.web.filter.OncePerRequestFilter.doFilter(OncePerRequestFilter.java:116)
	at org.apache.catalina.core.ApplicationFilterChain.internalDoFilter(ApplicationFilterChain.java:164)
	at org.apache.catalina.core.ApplicationFilterChain.doFilter(ApplicationFilterChain.java:140)
	at org.springframework.web.filter.FormContentFilter.doFilterInternal(FormContentFilter.java:93)
	at org.springframework.web.filter.OncePerRequestFilter.doFilter(OncePerRequestFilter.java:116)
	at org.apache.catalina.core.ApplicationFilterChain.internalDoFilter(ApplicationFilterChain.java:164)
	at org.apache.catalina.core.ApplicationFilterChain.doFilter(ApplicationFilterChain.java:140)
	at org.springframework.web.filter.CharacterEncodingFilter.doFilterInternal(CharacterEncodingFilter.java:201)
	at org.springframework.web.filter.OncePerRequestFilter.doFilter(OncePerRequestFilter.java:116)
	at org.apache.catalina.core.ApplicationFilterChain.internalDoFilter(ApplicationFilterChain.java:164)
	at org.apache.catalina.core.ApplicationFilterChain.doFilter(ApplicationFilterChain.java:140)
	at org.apache.catalina.core.StandardWrapperValve.invoke(StandardWrapperValve.java:167)
	at org.apache.catalina.core.StandardContextValve.invoke(StandardContextValve.java:90)
	at org.apache.catalina.authenticator.AuthenticatorBase.invoke(AuthenticatorBase.java:483)
	at org.apache.catalina.core.StandardHostValve.invoke(StandardHostValve.java:116)
	at org.apache.catalina.valves.ErrorReportValve.invoke(ErrorReportValve.java:93)
	at org.apache.catalina.core.StandardEngineValve.invoke(StandardEngineValve.java:74)
	at org.apache.catalina.connector.CoyoteAdapter.service(CoyoteAdapter.java:344)
	at org.apache.coyote.http11.Http11Processor.service(Http11Processor.java:398)
	at org.apache.coyote.AbstractProcessorLight.process(AbstractProcessorLight.java:63)
	at org.apache.coyote.AbstractProtocol$ConnectionHandler.process(AbstractProtocol.java:903)
	at org.apache.tomcat.util.net.NioEndpoint$SocketProcessor.doRun(NioEndpoint.java:1740)
	at org.apache.tomcat.util.net.SocketProcessorBase.run(SocketProcessorBase.java:52)
	at org.apache.tomcat.util.threads.ThreadPoolExecutor.runWorker(ThreadPoolExecutor.java:1189)
	at org.apache.tomcat.util.threads.ThreadPoolExecutor$Worker.run(ThreadPoolExecutor.java:658)
	at org.apache.tomcat.util.threads.TaskThread$WrappingRunnable.run(TaskThread.java:63)
	at java.base/java.lang.Thread.run(Thread.java:1583)
2026-08-26T17:30:51.366+02:00  WARN 1756 --- [nio-8082-exec-8] .m.m.a.ExceptionHandlerExceptionResolver : Resolved [org.hibernate.LazyInitializationException: Could not initialize proxy [com.padell.padell.entity.Match#4] - no session]
Hibernate: select m1_0.id,m1_0.created_at,m1_0.date_conversion_public,m1_0.date_debut,m1_0.date_fin,m1_0.nb_joueurs_actuels,m1_0.organisateur_id,o1_0.id,o1_0.created_at,o1_0.email,o1_0.matricule,o1_0.nom,o1_0.password_hash,o1_0.prenom,o1_0.site_id,o1_0.solde,o1_0.type_membre,o1_0.updated_at,m1_0.prix_par_joueur,m1_0.prix_total,m1_0.statut,m1_0.terrain_id,t1_0.id,t1_0.created_at,t1_0.nom,t1_0.prix,t1_0.site_id,s2_0.id,s2_0.adresse,s2_0.annee_civile,s2_0.created_at,s2_0.duree_entre_match_minutes,s2_0.duree_match_minutes,s2_0.heure_fermeture,s2_0.heure_ouverture,s2_0.nom,s2_0.updated_at,t1_0.updated_at,m1_0.type_match,m1_0.updated_at from matches m1_0 join membres o1_0 on o1_0.id=m1_0.organisateur_id join terrains t1_0 on t1_0.id=m1_0.terrain_id join sites s2_0 on s2_0.id=t1_0.site_id where m1_0.type_match=? and m1_0.statut=?
Hibernate: select s1_0.id,s1_0.adresse,s1_0.annee_civile,s1_0.created_at,s1_0.duree_entre_match_minutes,s1_0.duree_match_minutes,s1_0.heure_fermeture,s1_0.heure_ouverture,s1_0.nom,s1_0.updated_at from sites s1_0
Hibernate: select m1_0.id,m1_0.created_at,m1_0.email,m1_0.matricule,m1_0.nom,m1_0.password_hash,m1_0.prenom,s1_0.id,s1_0.adresse,s1_0.annee_civile,s1_0.created_at,s1_0.duree_entre_match_minutes,s1_0.duree_match_minutes,s1_0.heure_fermeture,s1_0.heure_ouverture,s1_0.nom,s1_0.updated_at,m1_0.solde,m1_0.type_membre,m1_0.updated_at from membres m1_0 left join sites s1_0 on s1_0.id=m1_0.site_id where upper(m1_0.matricule)=upper(?)
Hibernate: select m1_0.id,m1_0.created_at,m1_0.email,m1_0.matricule,m1_0.nom,m1_0.password_hash,m1_0.prenom,s1_0.id,s1_0.adresse,s1_0.annee_civile,s1_0.created_at,s1_0.duree_entre_match_minutes,s1_0.duree_match_minutes,s1_0.heure_fermeture,s1_0.heure_ouverture,s1_0.nom,s1_0.updated_at,m1_0.solde,m1_0.type_membre,m1_0.updated_at from membres m1_0 left join sites s1_0 on s1_0.id=m1_0.site_id where m1_0.id=?
Hibernate: select m1_0.id,m1_0.created_at,m1_0.email,m1_0.matricule,m1_0.nom,m1_0.password_hash,m1_0.prenom,s1_0.id,s1_0.adresse,s1_0.annee_civile,s1_0.created_at,s1_0.duree_entre_match_minutes,s1_0.duree_match_minutes,s1_0.heure_fermeture,s1_0.heure_ouverture,s1_0.nom,s1_0.updated_at,m1_0.solde,m1_0.type_membre,m1_0.updated_at from membres m1_0 left join sites s1_0 on s1_0.id=m1_0.site_id where m1_0.id=?
Hibernate: select m1_0.id,m1_0.created_at,m1_0.email,m1_0.matricule,m1_0.nom,m1_0.password_hash,m1_0.prenom,s1_0.id,s1_0.adresse,s1_0.annee_civile,s1_0.created_at,s1_0.duree_entre_match_minutes,s1_0.duree_match_minutes,s1_0.heure_fermeture,s1_0.heure_ouverture,s1_0.nom,s1_0.updated_at,m1_0.solde,m1_0.type_membre,m1_0.updated_at from membres m1_0 left join sites s1_0 on s1_0.id=m1_0.site_id where upper(m1_0.matricule)=upper(?)
Hibernate: select m1_0.id,m1_0.created_at,m1_0.email,m1_0.matricule,m1_0.nom,m1_0.password_hash,m1_0.prenom,s1_0.id,s1_0.adresse,s1_0.annee_civile,s1_0.created_at,s1_0.duree_entre_match_minutes,s1_0.duree_match_minutes,s1_0.heure_fermeture,s1_0.heure_ouverture,s1_0.nom,s1_0.updated_at,m1_0.solde,m1_0.type_membre,m1_0.updated_at from membres m1_0 left join sites s1_0 on s1_0.id=m1_0.site_id where upper(m1_0.matricule)=upper(?)
Hibernate: select p1_0.id from penalites p1_0 left join membres m1_0 on m1_0.id=p1_0.membre_id where m1_0.id=? and p1_0.date_fin>? fetch first ? rows only
Hibernate: select m1_0.id,m1_0.created_at,m1_0.email,m1_0.matricule,m1_0.nom,m1_0.password_hash,m1_0.prenom,s1_0.id,s1_0.adresse,s1_0.annee_civile,s1_0.created_at,s1_0.duree_entre_match_minutes,s1_0.duree_match_minutes,s1_0.heure_fermeture,s1_0.heure_ouverture,s1_0.nom,s1_0.updated_at,m1_0.solde,m1_0.type_membre,m1_0.updated_at from membres m1_0 left join sites s1_0 on s1_0.id=m1_0.site_id where m1_0.id=?
Hibernate: select m1_0.id,m1_0.created_at,m1_0.email,m1_0.matricule,m1_0.nom,m1_0.password_hash,m1_0.prenom,s1_0.id,s1_0.adresse,s1_0.annee_civile,s1_0.created_at,s1_0.duree_entre_match_minutes,s1_0.duree_match_minutes,s1_0.heure_fermeture,s1_0.heure_ouverture,s1_0.nom,s1_0.updated_at,m1_0.solde,m1_0.type_membre,m1_0.updated_at from membres m1_0 left join sites s1_0 on s1_0.id=m1_0.site_id where upper(m1_0.matricule)=upper(?)
Hibernate: select p1_0.id,p1_0.created_at,p1_0.date_paiement,p1_0.montant,p1_0.reservation_id,p1_0.statut,p1_0.updated_at from paiements p1_0 left join reservations r1_0 on r1_0.id=p1_0.reservation_id left join membres m1_0 on m1_0.id=r1_0.membre_id where m1_0.id=?
Hibernate: select m1_0.id,m1_0.created_at,m1_0.email,m1_0.matricule,m1_0.nom,m1_0.password_hash,m1_0.prenom,s1_0.id,s1_0.adresse,s1_0.annee_civile,s1_0.created_at,s1_0.duree_entre_match_minutes,s1_0.duree_match_minutes,s1_0.heure_fermeture,s1_0.heure_ouverture,s1_0.nom,s1_0.updated_at,m1_0.solde,m1_0.type_membre,m1_0.updated_at from membres m1_0 left join sites s1_0 on s1_0.id=m1_0.site_id where upper(m1_0.matricule)=upper(?)
Hibernate: select m1_0.id,m1_0.created_at,m1_0.email,m1_0.matricule,m1_0.nom,m1_0.password_hash,m1_0.prenom,s1_0.id,s1_0.adresse,s1_0.annee_civile,s1_0.created_at,s1_0.duree_entre_match_minutes,s1_0.duree_match_minutes,s1_0.heure_fermeture,s1_0.heure_ouverture,s1_0.nom,s1_0.updated_at,m1_0.solde,m1_0.type_membre,m1_0.updated_at from membres m1_0 left join sites s1_0 on s1_0.id=m1_0.site_id where upper(m1_0.matricule)=upper(?)
Hibernate: select m1_0.id,m1_0.created_at,m1_0.date_conversion_public,m1_0.date_debut,m1_0.date_fin,m1_0.nb_joueurs_actuels,m1_0.organisateur_id,o2_0.id,o2_0.created_at,o2_0.email,o2_0.matricule,o2_0.nom,o2_0.password_hash,o2_0.prenom,o2_0.site_id,o2_0.solde,o2_0.type_membre,o2_0.updated_at,m1_0.prix_par_joueur,m1_0.prix_total,m1_0.statut,m1_0.terrain_id,t1_0.id,t1_0.created_at,t1_0.nom,t1_0.prix,t1_0.site_id,s2_0.id,s2_0.adresse,s2_0.annee_civile,s2_0.created_at,s2_0.duree_entre_match_minutes,s2_0.duree_match_minutes,s2_0.heure_fermeture,s2_0.heure_ouverture,s2_0.nom,s2_0.updated_at,t1_0.updated_at,m1_0.type_match,m1_0.updated_at from matches m1_0 left join membres o1_0 on o1_0.id=m1_0.organisateur_id join membres o2_0 on o2_0.id=m1_0.organisateur_id join terrains t1_0 on t1_0.id=m1_0.terrain_id join sites s2_0 on s2_0.id=t1_0.site_id where o1_0.id=?
Hibernate: select r1_0.id,r1_0.created_at,r1_0.match_id,r1_0.membre_id,r1_0.statut,r1_0.updated_at from reservations r1_0 left join membres m1_0 on m1_0.id=r1_0.membre_id where m1_0.id=?
Hibernate: select p1_0.id,p1_0.created_at,p1_0.date_paiement,p1_0.montant,p1_0.reservation_id,p1_0.statut,p1_0.updated_at from paiements p1_0 where p1_0.reservation_id=?
org.hibernate.LazyInitializationException: Could not initialize proxy [com.padell.padell.entity.Match#4] - no session
	at org.hibernate.proxy.AbstractLazyInitializer.initialize(AbstractLazyInitializer.java:174)
	at org.hibernate.proxy.AbstractLazyInitializer.getImplementation(AbstractLazyInitializer.java:328)
	at org.hibernate.proxy.pojo.bytebuddy.ByteBuddyInterceptor.intercept(ByteBuddyInterceptor.java:44)
	at org.hibernate.proxy.ProxyConfiguration$InterceptorDispatcher.intercept(ProxyConfiguration.java:102)
	at com.padell.padell.entity.Match$HibernateProxy.getDateDebut(Unknown Source)
	at com.padell.padell.mapper.ReservationMapper.toResponse(ReservationMapper.java:30)
	at java.base/java.util.stream.ReferencePipeline$3$1.accept(ReferencePipeline.java:197)
	at java.base/java.util.ArrayList$ArrayListSpliterator.forEachRemaining(ArrayList.java:1708)
	at java.base/java.util.stream.AbstractPipeline.copyInto(AbstractPipeline.java:509)
	at java.base/java.util.stream.AbstractPipeline.wrapAndCopyInto(AbstractPipeline.java:499)
	at java.base/java.util.stream.AbstractPipeline.evaluate(AbstractPipeline.java:575)
	at java.base/java.util.stream.AbstractPipeline.evaluateToArrayNode(AbstractPipeline.java:260)
	at java.base/java.util.stream.ReferencePipeline.toArray(ReferencePipeline.java:616)
	at java.base/java.util.stream.ReferencePipeline.toArray(ReferencePipeline.java:622)
	at java.base/java.util.stream.ReferencePipeline.toList(ReferencePipeline.java:627)
	at com.padell.padell.controller.ReservationController.getByMembreId(ReservationController.java:157)
	at java.base/jdk.internal.reflect.DirectMethodHandleAccessor.invoke(DirectMethodHandleAccessor.java:103)
	at java.base/java.lang.reflect.Method.invoke(Method.java:580)
	at org.springframework.web.method.support.InvocableHandlerMethod.doInvoke(InvocableHandlerMethod.java:258)
	at org.springframework.web.method.support.InvocableHandlerMethod.invokeForRequest(InvocableHandlerMethod.java:191)
	at org.springframework.web.servlet.mvc.method.annotation.ServletInvocableHandlerMethod.invokeAndHandle(ServletInvocableHandlerMethod.java:118)
	at org.springframework.web.servlet.mvc.method.annotation.RequestMappingHandlerAdapter.invokeHandlerMethod(RequestMappingHandlerAdapter.java:986)
	at org.springframework.web.servlet.mvc.method.annotation.RequestMappingHandlerAdapter.handleInternal(RequestMappingHandlerAdapter.java:891)
	at org.springframework.web.servlet.mvc.method.AbstractHandlerMethodAdapter.handle(AbstractHandlerMethodAdapter.java:87)
	at org.springframework.web.servlet.DispatcherServlet.doDispatch(DispatcherServlet.java:1089)
	at org.springframework.web.servlet.DispatcherServlet.doService(DispatcherServlet.java:979)
	at org.springframework.web.servlet.FrameworkServlet.processRequest(FrameworkServlet.java:1014)
	at org.springframework.web.servlet.FrameworkServlet.doGet(FrameworkServlet.java:903)
	at jakarta.servlet.http.HttpServlet.service(HttpServlet.java:564)
	at org.springframework.web.servlet.FrameworkServlet.service(FrameworkServlet.java:885)
	at jakarta.servlet.http.HttpServlet.service(HttpServlet.java:658)
	at org.apache.catalina.core.ApplicationFilterChain.internalDoFilter(ApplicationFilterChain.java:195)
	at org.apache.catalina.core.ApplicationFilterChain.doFilter(ApplicationFilterChain.java:140)
	at org.apache.tomcat.websocket.server.WsFilter.doFilter(WsFilter.java:51)
	at org.apache.catalina.core.ApplicationFilterChain.internalDoFilter(ApplicationFilterChain.java:164)
	at org.apache.catalina.core.ApplicationFilterChain.doFilter(ApplicationFilterChain.java:140)
	at org.springframework.web.filter.OncePerRequestFilter.doFilter(OncePerRequestFilter.java:110)
	at org.apache.catalina.core.ApplicationFilterChain.internalDoFilter(ApplicationFilterChain.java:164)
	at org.apache.catalina.core.ApplicationFilterChain.doFilter(ApplicationFilterChain.java:140)
	at org.springframework.web.filter.CompositeFilter$VirtualFilterChain.doFilter(CompositeFilter.java:108)
	at org.springframework.web.filter.CompositeFilter$VirtualFilterChain.doFilter(CompositeFilter.java:108)
	at org.springframework.security.web.FilterChainProxy.lambda$doFilterInternal$3(FilterChainProxy.java:231)
	at org.springframework.security.web.FilterChainProxy$VirtualFilterChain.doFilter(FilterChainProxy.java:365)
	at org.springframework.security.web.access.intercept.AuthorizationFilter.doFilter(AuthorizationFilter.java:101)
	at org.springframework.security.web.FilterChainProxy$VirtualFilterChain.doFilter(FilterChainProxy.java:374)
	at org.springframework.security.web.access.ExceptionTranslationFilter.doFilter(ExceptionTranslationFilter.java:125)
	at org.springframework.security.web.access.ExceptionTranslationFilter.doFilter(ExceptionTranslationFilter.java:119)
	at org.springframework.security.web.FilterChainProxy$VirtualFilterChain.doFilter(FilterChainProxy.java:374)
	at org.springframework.security.web.session.SessionManagementFilter.doFilter(SessionManagementFilter.java:131)
	at org.springframework.security.web.session.SessionManagementFilter.doFilter(SessionManagementFilter.java:85)
	at org.springframework.security.web.FilterChainProxy$VirtualFilterChain.doFilter(FilterChainProxy.java:374)
	at org.springframework.security.web.authentication.AnonymousAuthenticationFilter.doFilter(AnonymousAuthenticationFilter.java:100)
	at org.springframework.security.web.FilterChainProxy$VirtualFilterChain.doFilter(FilterChainProxy.java:374)
	at org.springframework.security.web.servletapi.SecurityContextHolderAwareRequestFilter.doFilter(SecurityContextHolderAwareRequestFilter.java:179)
	at org.springframework.security.web.FilterChainProxy$VirtualFilterChain.doFilter(FilterChainProxy.java:374)
	at org.springframework.security.web.savedrequest.RequestCacheAwareFilter.doFilter(RequestCacheAwareFilter.java:63)
	at org.springframework.security.web.FilterChainProxy$VirtualFilterChain.doFilter(FilterChainProxy.java:374)
	at com.padell.padell.config.JwtAuthenticationFilter.doFilterInternal(JwtAuthenticationFilter.java:60)
	at org.springframework.web.filter.OncePerRequestFilter.doFilter(OncePerRequestFilter.java:116)
	at org.springframework.security.web.FilterChainProxy$VirtualFilterChain.doFilter(FilterChainProxy.java:374)
	at org.springframework.security.web.authentication.logout.LogoutFilter.doFilter(LogoutFilter.java:107)
	at org.springframework.security.web.authentication.logout.LogoutFilter.doFilter(LogoutFilter.java:93)
	at org.springframework.security.web.FilterChainProxy$VirtualFilterChain.doFilter(FilterChainProxy.java:374)
	at org.springframework.security.web.header.HeaderWriterFilter.doHeadersAfter(HeaderWriterFilter.java:90)
	at org.springframework.security.web.header.HeaderWriterFilter.doFilterInternal(HeaderWriterFilter.java:75)
	at org.springframework.web.filter.OncePerRequestFilter.doFilter(OncePerRequestFilter.java:116)
	at org.springframework.security.web.FilterChainProxy$VirtualFilterChain.doFilter(FilterChainProxy.java:374)
	at org.springframework.security.web.context.SecurityContextHolderFilter.doFilter(SecurityContextHolderFilter.java:82)
	at org.springframework.security.web.context.SecurityContextHolderFilter.doFilter(SecurityContextHolderFilter.java:69)
	at org.springframework.security.web.FilterChainProxy$VirtualFilterChain.doFilter(FilterChainProxy.java:374)
	at org.springframework.security.web.context.request.async.WebAsyncManagerIntegrationFilter.doFilterInternal(WebAsyncManagerIntegrationFilter.java:62)
	at org.springframework.web.filter.OncePerRequestFilter.doFilter(OncePerRequestFilter.java:116)
	at org.springframework.security.web.FilterChainProxy$VirtualFilterChain.doFilter(FilterChainProxy.java:374)
	at org.springframework.security.web.session.DisableEncodeUrlFilter.doFilterInternal(DisableEncodeUrlFilter.java:42)
	at org.springframework.web.filter.OncePerRequestFilter.doFilter(OncePerRequestFilter.java:116)
	at org.springframework.security.web.FilterChainProxy$VirtualFilterChain.doFilter(FilterChainProxy.java:374)
	at org.springframework.security.web.FilterChainProxy.doFilterInternal(FilterChainProxy.java:233)
	at org.springframework.security.web.FilterChainProxy.doFilter(FilterChainProxy.java:191)
	at org.springframework.web.filter.CompositeFilter$VirtualFilterChain.doFilter(CompositeFilter.java:113)
	at org.springframework.web.filter.ServletRequestPathFilter.doFilter(ServletRequestPathFilter.java:52)
	at org.springframework.web.filter.CompositeFilter$VirtualFilterChain.doFilter(CompositeFilter.java:113)
	at org.springframework.web.filter.CompositeFilter.doFilter(CompositeFilter.java:74)
	at org.springframework.security.config.annotation.web.configuration.WebSecurityConfiguration$CompositeFilterChainProxy.doFilter(WebSecurityConfiguration.java:319)
	at org.springframework.web.filter.CompositeFilter$VirtualFilterChain.doFilter(CompositeFilter.java:113)
	at org.springframework.web.servlet.handler.HandlerMappingIntrospector.lambda$createCacheFilter$3(HandlerMappingIntrospector.java:243)
	at org.springframework.web.filter.CompositeFilter$VirtualFilterChain.doFilter(CompositeFilter.java:113)
	at org.springframework.web.filter.CompositeFilter.doFilter(CompositeFilter.java:74)
	at org.springframework.security.config.annotation.web.configuration.WebMvcSecurityConfiguration$CompositeFilterChainProxy.doFilter(WebMvcSecurityConfiguration.java:240)
	at org.springframework.web.filter.DelegatingFilterProxy.invokeDelegate(DelegatingFilterProxy.java:362)
	at org.springframework.web.filter.DelegatingFilterProxy.doFilter(DelegatingFilterProxy.java:278)
	at org.apache.catalina.core.ApplicationFilterChain.internalDoFilter(ApplicationFilterChain.java:164)
	at org.apache.catalina.core.ApplicationFilterChain.doFilter(ApplicationFilterChain.java:140)
	at org.springframework.web.filter.RequestContextFilter.doFilterInternal(RequestContextFilter.java:100)
	at org.springframework.web.filter.OncePerRequestFilter.doFilter(OncePerRequestFilter.java:116)
	at org.apache.catalina.core.ApplicationFilterChain.internalDoFilter(ApplicationFilterChain.java:164)
	at org.apache.catalina.core.ApplicationFilterChain.doFilter(ApplicationFilterChain.java:140)
	at org.springframework.web.filter.FormContentFilter.doFilterInternal(FormContentFilter.java:93)
	at org.springframework.web.filter.OncePerRequestFilter.doFilter(OncePerRequestFilter.java:116)
	at org.apache.catalina.core.ApplicationFilterChain.internalDoFilter(ApplicationFilterChain.java:164)
	at org.apache.catalina.core.ApplicationFilterChain.doFilter(ApplicationFilterChain.java:140)
	at org.springframework.web.filter.CharacterEncodingFilter.doFilterInternal(CharacterEncodingFilter.java:201)
	at org.springframework.web.filter.OncePerRequestFilter.doFilter(OncePerRequestFilter.java:116)
	at org.apache.catalina.core.ApplicationFilterChain.internalDoFilter(ApplicationFilterChain.java:164)
	at org.apache.catalina.core.ApplicationFilterChain.doFilter(ApplicationFilterChain.java:140)
	at org.apache.catalina.core.StandardWrapperValve.invoke(StandardWrapperValve.java:167)
	at org.apache.catalina.core.StandardContextValve.invoke(StandardContextValve.java:90)
	at org.apache.catalina.authenticator.AuthenticatorBase.invoke(AuthenticatorBase.java:483)
	at org.apache.catalina.core.StandardHostValve.invoke(StandardHostValve.java:116)
	at org.apache.catalina.valves.ErrorReportValve.invoke(ErrorReportValve.java:93)
	at org.apache.catalina.core.StandardEngineValve.invoke(StandardEngineValve.java:74)
	at org.apache.catalina.connector.CoyoteAdapter.service(CoyoteAdapter.java:344)
	at org.apache.coyote.http11.Http11Processor.service(Http11Processor.java:398)
	at org.apache.coyote.AbstractProcessorLight.process(AbstractProcessorLight.java:63)
	at org.apache.coyote.AbstractProtocol$ConnectionHandler.process(AbstractProtocol.java:903)
	at org.apache.tomcat.util.net.NioEndpoint$SocketProcessor.doRun(NioEndpoint.java:1740)
	at org.apache.tomcat.util.net.SocketProcessorBase.run(SocketProcessorBase.java:52)
	at org.apache.tomcat.util.threads.ThreadPoolExecutor.runWorker(ThreadPoolExecutor.java:1189)
	at org.apache.tomcat.util.threads.ThreadPoolExecutor$Worker.run(ThreadPoolExecutor.java:658)
	at org.apache.tomcat.util.threads.TaskThread$WrappingRunnable.run(TaskThread.java:63)
	at java.base/java.lang.Thread.run(Thread.java:1583)
2026-08-26T17:30:56.933+02:00  WARN 1756 --- [nio-8082-exec-2] .m.m.a.ExceptionHandlerExceptionResolver : Resolved [org.hibernate.LazyInitializationException: Could not initialize proxy [com.padell.padell.entity.Match#4] - no session]
Hibernate: select m1_0.id,m1_0.created_at,m1_0.email,m1_0.matricule,m1_0.nom,m1_0.password_hash,m1_0.prenom,s1_0.id,s1_0.adresse,s1_0.annee_civile,s1_0.created_at,s1_0.duree_entre_match_minutes,s1_0.duree_match_minutes,s1_0.heure_fermeture,s1_0.heure_ouverture,s1_0.nom,s1_0.updated_at,m1_0.solde,m1_0.type_membre,m1_0.updated_at from membres m1_0 left join sites s1_0 on s1_0.id=m1_0.site_id where upper(m1_0.matricule)=upper(?)
Hibernate: select p1_0.id,p1_0.created_at,p1_0.date_paiement,p1_0.montant,p1_0.reservation_id,p1_0.statut,p1_0.updated_at from paiements p1_0 left join reservations r1_0 on r1_0.id=p1_0.reservation_id left join membres m1_0 on m1_0.id=r1_0.membre_id where m1_0.id=?
Hibernate: select m1_0.id,m1_0.created_at,m1_0.date_conversion_public,m1_0.date_debut,m1_0.date_fin,m1_0.nb_joueurs_actuels,m1_0.organisateur_id,o1_0.id,o1_0.created_at,o1_0.email,o1_0.matricule,o1_0.nom,o1_0.password_hash,o1_0.prenom,o1_0.site_id,o1_0.solde,o1_0.type_membre,o1_0.updated_at,m1_0.prix_par_joueur,m1_0.prix_total,m1_0.statut,m1_0.terrain_id,t1_0.id,t1_0.created_at,t1_0.nom,t1_0.prix,t1_0.site_id,s2_0.id,s2_0.adresse,s2_0.annee_civile,s2_0.created_at,s2_0.duree_entre_match_minutes,s2_0.duree_match_minutes,s2_0.heure_fermeture,s2_0.heure_ouverture,s2_0.nom,s2_0.updated_at,t1_0.updated_at,m1_0.type_match,m1_0.updated_at from matches m1_0 join membres o1_0 on o1_0.id=m1_0.organisateur_id join terrains t1_0 on t1_0.id=m1_0.terrain_id join sites s2_0 on s2_0.id=t1_0.site_id where m1_0.type_match=? and m1_0.statut=?
Hibernate: select s1_0.id,s1_0.adresse,s1_0.annee_civile,s1_0.created_at,s1_0.duree_entre_match_minutes,s1_0.duree_match_minutes,s1_0.heure_fermeture,s1_0.heure_ouverture,s1_0.nom,s1_0.updated_at from sites s1_0
Hibernate: select m1_0.id,m1_0.created_at,m1_0.email,m1_0.matricule,m1_0.nom,m1_0.password_hash,m1_0.prenom,s1_0.id,s1_0.adresse,s1_0.annee_civile,s1_0.created_at,s1_0.duree_entre_match_minutes,s1_0.duree_match_minutes,s1_0.heure_fermeture,s1_0.heure_ouverture,s1_0.nom,s1_0.updated_at,m1_0.solde,m1_0.type_membre,m1_0.updated_at from membres m1_0 left join sites s1_0 on s1_0.id=m1_0.site_id where upper(m1_0.matricule)=upper(?)
Hibernate: select m1_0.id,m1_0.created_at,m1_0.email,m1_0.matricule,m1_0.nom,m1_0.password_hash,m1_0.prenom,s1_0.id,s1_0.adresse,s1_0.annee_civile,s1_0.created_at,s1_0.duree_entre_match_minutes,s1_0.duree_match_minutes,s1_0.heure_fermeture,s1_0.heure_ouverture,s1_0.nom,s1_0.updated_at,m1_0.solde,m1_0.type_membre,m1_0.updated_at from membres m1_0 left join sites s1_0 on s1_0.id=m1_0.site_id where m1_0.id=?
Hibernate: select m1_0.id,m1_0.created_at,m1_0.email,m1_0.matricule,m1_0.nom,m1_0.password_hash,m1_0.prenom,s1_0.id,s1_0.adresse,s1_0.annee_civile,s1_0.created_at,s1_0.duree_entre_match_minutes,s1_0.duree_match_minutes,s1_0.heure_fermeture,s1_0.heure_ouverture,s1_0.nom,s1_0.updated_at,m1_0.solde,m1_0.type_membre,m1_0.updated_at from membres m1_0 left join sites s1_0 on s1_0.id=m1_0.site_id where m1_0.id=?
Hibernate: select m1_0.id,m1_0.created_at,m1_0.email,m1_0.matricule,m1_0.nom,m1_0.password_hash,m1_0.prenom,s1_0.id,s1_0.adresse,s1_0.annee_civile,s1_0.created_at,s1_0.duree_entre_match_minutes,s1_0.duree_match_minutes,s1_0.heure_fermeture,s1_0.heure_ouverture,s1_0.nom,s1_0.updated_at,m1_0.solde,m1_0.type_membre,m1_0.updated_at from membres m1_0 left join sites s1_0 on s1_0.id=m1_0.site_id where upper(m1_0.matricule)=upper(?)
Hibernate: select p1_0.id from penalites p1_0 left join membres m1_0 on m1_0.id=p1_0.membre_id where m1_0.id=? and p1_0.date_fin>? fetch first ? rows only
Hibernate: select m1_0.id,m1_0.created_at,m1_0.email,m1_0.matricule,m1_0.nom,m1_0.password_hash,m1_0.prenom,s1_0.id,s1_0.adresse,s1_0.annee_civile,s1_0.created_at,s1_0.duree_entre_match_minutes,s1_0.duree_match_minutes,s1_0.heure_fermeture,s1_0.heure_ouverture,s1_0.nom,s1_0.updated_at,m1_0.solde,m1_0.type_membre,m1_0.updated_at from membres m1_0 left join sites s1_0 on s1_0.id=m1_0.site_id where upper(m1_0.matricule)=upper(?)
Hibernate: select m1_0.id,m1_0.created_at,m1_0.email,m1_0.matricule,m1_0.nom,m1_0.password_hash,m1_0.prenom,s1_0.id,s1_0.adresse,s1_0.annee_civile,s1_0.created_at,s1_0.duree_entre_match_minutes,s1_0.duree_match_minutes,s1_0.heure_fermeture,s1_0.heure_ouverture,s1_0.nom,s1_0.updated_at,m1_0.solde,m1_0.type_membre,m1_0.updated_at from membres m1_0 left join sites s1_0 on s1_0.id=m1_0.site_id where m1_0.id=?
Hibernate: select m1_0.id,m1_0.created_at,m1_0.date_conversion_public,m1_0.date_debut,m1_0.date_fin,m1_0.nb_joueurs_actuels,m1_0.organisateur_id,o1_0.id,o1_0.created_at,o1_0.email,o1_0.matricule,o1_0.nom,o1_0.password_hash,o1_0.prenom,o1_0.site_id,o1_0.solde,o1_0.type_membre,o1_0.updated_at,m1_0.prix_par_joueur,m1_0.prix_total,m1_0.statut,m1_0.terrain_id,t1_0.id,t1_0.created_at,t1_0.nom,t1_0.prix,t1_0.site_id,s2_0.id,s2_0.adresse,s2_0.annee_civile,s2_0.created_at,s2_0.duree_entre_match_minutes,s2_0.duree_match_minutes,s2_0.heure_fermeture,s2_0.heure_ouverture,s2_0.nom,s2_0.updated_at,t1_0.updated_at,m1_0.type_match,m1_0.updated_at from matches m1_0 join membres o1_0 on o1_0.id=m1_0.organisateur_id join terrains t1_0 on t1_0.id=m1_0.terrain_id join sites s2_0 on s2_0.id=t1_0.site_id where m1_0.type_match=? and m1_0.statut=?
Hibernate: select s1_0.id,s1_0.adresse,s1_0.annee_civile,s1_0.created_at,s1_0.duree_entre_match_minutes,s1_0.duree_match_minutes,s1_0.heure_fermeture,s1_0.heure_ouverture,s1_0.nom,s1_0.updated_at from sites s1_0
Hibernate: select s1_0.id,s1_0.adresse,s1_0.annee_civile,s1_0.created_at,s1_0.duree_entre_match_minutes,s1_0.duree_match_minutes,s1_0.heure_fermeture,s1_0.heure_ouverture,s1_0.nom,s1_0.updated_at from sites s1_0
Hibernate: select s1_0.id,s1_0.adresse,s1_0.annee_civile,s1_0.created_at,s1_0.duree_entre_match_minutes,s1_0.duree_match_minutes,s1_0.heure_fermeture,s1_0.heure_ouverture,s1_0.nom,s1_0.updated_at from sites s1_0 where s1_0.id=?
Hibernate: select t1_0.id,t1_0.created_at,t1_0.nom,t1_0.prix,t1_0.site_id,s2_0.id,s2_0.adresse,s2_0.annee_civile,s2_0.created_at,s2_0.duree_entre_match_minutes,s2_0.duree_match_minutes,s2_0.heure_fermeture,s2_0.heure_ouverture,s2_0.nom,s2_0.updated_at,t1_0.updated_at from terrains t1_0 left join sites s1_0 on s1_0.id=t1_0.site_id join sites s2_0 on s2_0.id=t1_0.site_id where s1_0.id=?
Hibernate: select s1_0.id,s1_0.adresse,s1_0.annee_civile,s1_0.created_at,s1_0.duree_entre_match_minutes,s1_0.duree_match_minutes,s1_0.heure_fermeture,s1_0.heure_ouverture,s1_0.nom,s1_0.updated_at from sites s1_0
Hibernate: select m1_0.id,m1_0.created_at,m1_0.date_conversion_public,m1_0.date_debut,m1_0.date_fin,m1_0.nb_joueurs_actuels,m1_0.organisateur_id,o1_0.id,o1_0.created_at,o1_0.email,o1_0.matricule,o1_0.nom,o1_0.password_hash,o1_0.prenom,o1_0.site_id,o1_0.solde,o1_0.type_membre,o1_0.updated_at,m1_0.prix_par_joueur,m1_0.prix_total,m1_0.statut,m1_0.terrain_id,t1_0.id,t1_0.created_at,t1_0.nom,t1_0.prix,t1_0.site_id,s2_0.id,s2_0.adresse,s2_0.annee_civile,s2_0.created_at,s2_0.duree_entre_match_minutes,s2_0.duree_match_minutes,s2_0.heure_fermeture,s2_0.heure_ouverture,s2_0.nom,s2_0.updated_at,t1_0.updated_at,m1_0.type_match,m1_0.updated_at from matches m1_0 join membres o1_0 on o1_0.id=m1_0.organisateur_id join terrains t1_0 on t1_0.id=m1_0.terrain_id join sites s2_0 on s2_0.id=t1_0.site_id where m1_0.type_match=? and m1_0.statut=?
Hibernate: select s1_0.id,s1_0.adresse,s1_0.annee_civile,s1_0.created_at,s1_0.duree_entre_match_minutes,s1_0.duree_match_minutes,s1_0.heure_fermeture,s1_0.heure_ouverture,s1_0.nom,s1_0.updated_at from sites s1_0
Hibernate: select s1_0.id,s1_0.adresse,s1_0.annee_civile,s1_0.created_at,s1_0.duree_entre_match_minutes,s1_0.duree_match_minutes,s1_0.heure_fermeture,s1_0.heure_ouverture,s1_0.nom,s1_0.updated_at from sites s1_0 where s1_0.id=?
Hibernate: select t1_0.id,t1_0.created_at,t1_0.nom,t1_0.prix,t1_0.site_id,s2_0.id,s2_0.adresse,s2_0.annee_civile,s2_0.created_at,s2_0.duree_entre_match_minutes,s2_0.duree_match_minutes,s2_0.heure_fermeture,s2_0.heure_ouverture,s2_0.nom,s2_0.updated_at,t1_0.updated_at from terrains t1_0 left join sites s1_0 on s1_0.id=t1_0.site_id join sites s2_0 on s2_0.id=t1_0.site_id where s1_0.id=?
2026-08-26T17:32:03.838+02:00  WARN 1756 --- [nio-8082-exec-5] .m.m.a.ExceptionHandlerExceptionResolver : Resolved [org.springframework.web.bind.MethodArgumentNotValidException: Validation failed for argument [0] in public org.springframework.http.ResponseEntity<com.padell.padell.dto.response.MatchDto> com.padell.padell.controller.MatchController.createMatch(com.padell.padell.dto.request.CreateMatchRequest): [Field error in object 'createMatchRequest' on field 'matchDate': rejected value [2026-08-26T09:00]; codes [FutureOrPresent.createMatchRequest.matchDate,FutureOrPresent.matchDate,FutureOrPresent.java.time.LocalDateTime,FutureOrPresent]; arguments [org.springframework.context.support.DefaultMessageSourceResolvable: codes [createMatchRequest.matchDate,matchDate]; arguments []; default message [matchDate]]; default message [La date du match doit etre dans le futur ou le present]] ]
2026-08-26T17:32:04.008+02:00  WARN 1756 --- [nio-8082-exec-3] .m.m.a.ExceptionHandlerExceptionResolver : Resolved [org.springframework.web.bind.MethodArgumentNotValidException: Validation failed for argument [0] in public org.springframework.http.ResponseEntity<com.padell.padell.dto.response.MatchDto> com.padell.padell.controller.MatchController.createMatch(com.padell.padell.dto.request.CreateMatchRequest): [Field error in object 'createMatchRequest' on field 'matchDate': rejected value [2026-08-26T09:00]; codes [FutureOrPresent.createMatchRequest.matchDate,FutureOrPresent.matchDate,FutureOrPresent.java.time.LocalDateTime,FutureOrPresent]; arguments [org.springframework.context.support.DefaultMessageSourceResolvable: codes [createMatchRequest.matchDate,matchDate]; arguments []; default message [matchDate]]; default message [La date du match doit etre dans le futur ou le present]] ]
2026-08-26T17:32:37.548+02:00  INFO 1756 --- [nio-8082-exec-4] c.p.padell.controller.MatchController    : Requête de création de match reçue de l'utilisateur 'L10001' pour le terrain ID 1
Hibernate: select m1_0.id,m1_0.created_at,m1_0.email,m1_0.matricule,m1_0.nom,m1_0.password_hash,m1_0.prenom,s1_0.id,s1_0.adresse,s1_0.annee_civile,s1_0.created_at,s1_0.duree_entre_match_minutes,s1_0.duree_match_minutes,s1_0.heure_fermeture,s1_0.heure_ouverture,s1_0.nom,s1_0.updated_at,m1_0.solde,m1_0.type_membre,m1_0.updated_at from membres m1_0 left join sites s1_0 on s1_0.id=m1_0.site_id where upper(m1_0.matricule)=upper(?)
Hibernate: select t1_0.id,t1_0.created_at,t1_0.nom,t1_0.prix,t1_0.site_id,t1_0.updated_at from terrains t1_0 where t1_0.id=?
Hibernate: select p1_0.id from penalites p1_0 left join membres m1_0 on m1_0.id=p1_0.membre_id where m1_0.id=? and p1_0.date_fin>? fetch first ? rows only
Hibernate: select s1_0.id,s1_0.adresse,s1_0.annee_civile,s1_0.created_at,s1_0.duree_entre_match_minutes,s1_0.duree_match_minutes,s1_0.heure_fermeture,s1_0.heure_ouverture,s1_0.nom,s1_0.updated_at from sites s1_0 where s1_0.id=?
Hibernate: select jf1_0.id from jours_fermeture jf1_0 where jf1_0.date=? and jf1_0.global fetch first ? rows only
Hibernate: select jf1_0.id from jours_fermeture jf1_0 left join sites s1_0 on s1_0.id=jf1_0.site_id where jf1_0.date=? and s1_0.id=? fetch first ? rows only
Hibernate: select m1_0.id,m1_0.created_at,m1_0.date_conversion_public,m1_0.date_debut,m1_0.date_fin,m1_0.nb_joueurs_actuels,m1_0.organisateur_id,m1_0.prix_par_joueur,m1_0.prix_total,m1_0.statut,m1_0.terrain_id,m1_0.type_match,m1_0.updated_at from matches m1_0 where m1_0.terrain_id=? and m1_0.statut<>? and m1_0.date_debut<? and m1_0.date_fin>?
Hibernate: insert into matches (created_at,date_conversion_public,date_debut,date_fin,nb_joueurs_actuels,organisateur_id,prix_par_joueur,prix_total,statut,terrain_id,type_match,updated_at) values (?,?,?,?,?,?,?,?,?,?,?,?)
Hibernate: insert into reservations (created_at,match_id,membre_id,statut,updated_at) values (?,?,?,?,?)
Hibernate: insert into paiements (created_at,date_paiement,montant,reservation_id,statut,updated_at) values (?,?,?,?,?,?)
2026-08-26T17:32:37.831+02:00  INFO 1756 --- [nio-8082-exec-4] c.p.p.service.impl.MatchServiceImpl      : Match créé avec succès (ID: 5) par l'utilisateur L10001
Hibernate: select m1_0.id,m1_0.created_at,m1_0.email,m1_0.matricule,m1_0.nom,m1_0.password_hash,m1_0.prenom,s1_0.id,s1_0.adresse,s1_0.annee_civile,s1_0.created_at,s1_0.duree_entre_match_minutes,s1_0.duree_match_minutes,s1_0.heure_fermeture,s1_0.heure_ouverture,s1_0.nom,s1_0.updated_at,m1_0.solde,m1_0.type_membre,m1_0.updated_at from membres m1_0 left join sites s1_0 on s1_0.id=m1_0.site_id where upper(m1_0.matricule)=upper(?)
Hibernate: select m1_0.id,m1_0.created_at,m1_0.email,m1_0.matricule,m1_0.nom,m1_0.password_hash,m1_0.prenom,s1_0.id,s1_0.adresse,s1_0.annee_civile,s1_0.created_at,s1_0.duree_entre_match_minutes,s1_0.duree_match_minutes,s1_0.heure_fermeture,s1_0.heure_ouverture,s1_0.nom,s1_0.updated_at,m1_0.solde,m1_0.type_membre,m1_0.updated_at from membres m1_0 left join sites s1_0 on s1_0.id=m1_0.site_id where upper(m1_0.matricule)=upper(?)
Hibernate: select m1_0.id,m1_0.created_at,m1_0.date_conversion_public,m1_0.date_debut,m1_0.date_fin,m1_0.nb_joueurs_actuels,m1_0.organisateur_id,o2_0.id,o2_0.created_at,o2_0.email,o2_0.matricule,o2_0.nom,o2_0.password_hash,o2_0.prenom,o2_0.site_id,o2_0.solde,o2_0.type_membre,o2_0.updated_at,m1_0.prix_par_joueur,m1_0.prix_total,m1_0.statut,m1_0.terrain_id,t1_0.id,t1_0.created_at,t1_0.nom,t1_0.prix,t1_0.site_id,s2_0.id,s2_0.adresse,s2_0.annee_civile,s2_0.created_at,s2_0.duree_entre_match_minutes,s2_0.duree_match_minutes,s2_0.heure_fermeture,s2_0.heure_ouverture,s2_0.nom,s2_0.updated_at,t1_0.updated_at,m1_0.type_match,m1_0.updated_at from matches m1_0 left join membres o1_0 on o1_0.id=m1_0.organisateur_id join membres o2_0 on o2_0.id=m1_0.organisateur_id join terrains t1_0 on t1_0.id=m1_0.terrain_id join sites s2_0 on s2_0.id=t1_0.site_id where o1_0.id=?
Hibernate: select r1_0.id,r1_0.created_at,r1_0.match_id,r1_0.membre_id,r1_0.statut,r1_0.updated_at from reservations r1_0 left join membres m1_0 on m1_0.id=r1_0.membre_id where m1_0.id=?
Hibernate: select p1_0.id,p1_0.created_at,p1_0.date_paiement,p1_0.montant,p1_0.reservation_id,p1_0.statut,p1_0.updated_at from paiements p1_0 where p1_0.reservation_id=?
Hibernate: select p1_0.id,p1_0.created_at,p1_0.date_paiement,p1_0.montant,p1_0.reservation_id,p1_0.statut,p1_0.updated_at from paiements p1_0 where p1_0.reservation_id=?
org.hibernate.LazyInitializationException: Could not initialize proxy [com.padell.padell.entity.Match#4] - no session
	at org.hibernate.proxy.AbstractLazyInitializer.initialize(AbstractLazyInitializer.java:174)
	at org.hibernate.proxy.AbstractLazyInitializer.getImplementation(AbstractLazyInitializer.java:328)
	at org.hibernate.proxy.pojo.bytebuddy.ByteBuddyInterceptor.intercept(ByteBuddyInterceptor.java:44)
	at org.hibernate.proxy.ProxyConfiguration$InterceptorDispatcher.intercept(ProxyConfiguration.java:102)
	at com.padell.padell.entity.Match$HibernateProxy.getDateDebut(Unknown Source)
	at com.padell.padell.mapper.ReservationMapper.toResponse(ReservationMapper.java:30)
	at java.base/java.util.stream.ReferencePipeline$3$1.accept(ReferencePipeline.java:197)
	at java.base/java.util.ArrayList$ArrayListSpliterator.forEachRemaining(ArrayList.java:1708)
	at java.base/java.util.stream.AbstractPipeline.copyInto(AbstractPipeline.java:509)
	at java.base/java.util.stream.AbstractPipeline.wrapAndCopyInto(AbstractPipeline.java:499)
	at java.base/java.util.stream.AbstractPipeline.evaluate(AbstractPipeline.java:575)
	at java.base/java.util.stream.AbstractPipeline.evaluateToArrayNode(AbstractPipeline.java:260)
	at java.base/java.util.stream.ReferencePipeline.toArray(ReferencePipeline.java:616)
	at java.base/java.util.stream.ReferencePipeline.toArray(ReferencePipeline.java:622)
	at java.base/java.util.stream.ReferencePipeline.toList(ReferencePipeline.java:627)
	at com.padell.padell.controller.ReservationController.getByMembreId(ReservationController.java:157)
	at java.base/jdk.internal.reflect.DirectMethodHandleAccessor.invoke(DirectMethodHandleAccessor.java:103)
	at java.base/java.lang.reflect.Method.invoke(Method.java:580)
	at org.springframework.web.method.support.InvocableHandlerMethod.doInvoke(InvocableHandlerMethod.java:258)
	at org.springframework.web.method.support.InvocableHandlerMethod.invokeForRequest(InvocableHandlerMethod.java:191)
	at org.springframework.web.servlet.mvc.method.annotation.ServletInvocableHandlerMethod.invokeAndHandle(ServletInvocableHandlerMethod.java:118)
	at org.springframework.web.servlet.mvc.method.annotation.RequestMappingHandlerAdapter.invokeHandlerMethod(RequestMappingHandlerAdapter.java:986)
	at org.springframework.web.servlet.mvc.method.annotation.RequestMappingHandlerAdapter.handleInternal(RequestMappingHandlerAdapter.java:891)
	at org.springframework.web.servlet.mvc.method.AbstractHandlerMethodAdapter.handle(AbstractHandlerMethodAdapter.java:87)
	at org.springframework.web.servlet.DispatcherServlet.doDispatch(DispatcherServlet.java:1089)
	at org.springframework.web.servlet.DispatcherServlet.doService(DispatcherServlet.java:979)
	at org.springframework.web.servlet.FrameworkServlet.processRequest(FrameworkServlet.java:1014)
	at org.springframework.web.servlet.FrameworkServlet.doGet(FrameworkServlet.java:903)
	at jakarta.servlet.http.HttpServlet.service(HttpServlet.java:564)
	at org.springframework.web.servlet.FrameworkServlet.service(FrameworkServlet.java:885)
	at jakarta.servlet.http.HttpServlet.service(HttpServlet.java:658)
	at org.apache.catalina.core.ApplicationFilterChain.internalDoFilter(ApplicationFilterChain.java:195)
	at org.apache.catalina.core.ApplicationFilterChain.doFilter(ApplicationFilterChain.java:140)
	at org.apache.tomcat.websocket.server.WsFilter.doFilter(WsFilter.java:51)
	at org.apache.catalina.core.ApplicationFilterChain.internalDoFilter(ApplicationFilterChain.java:164)
	at org.apache.catalina.core.ApplicationFilterChain.doFilter(ApplicationFilterChain.java:140)
	at org.springframework.web.filter.OncePerRequestFilter.doFilter(OncePerRequestFilter.java:110)
	at org.apache.catalina.core.ApplicationFilterChain.internalDoFilter(ApplicationFilterChain.java:164)
	at org.apache.catalina.core.ApplicationFilterChain.doFilter(ApplicationFilterChain.java:140)
	at org.springframework.web.filter.CompositeFilter$VirtualFilterChain.doFilter(CompositeFilter.java:108)
	at org.springframework.web.filter.CompositeFilter$VirtualFilterChain.doFilter(CompositeFilter.java:108)
	at org.springframework.security.web.FilterChainProxy.lambda$doFilterInternal$3(FilterChainProxy.java:231)
	at org.springframework.security.web.FilterChainProxy$VirtualFilterChain.doFilter(FilterChainProxy.java:365)
	at org.springframework.security.web.access.intercept.AuthorizationFilter.doFilter(AuthorizationFilter.java:101)
	at org.springframework.security.web.FilterChainProxy$VirtualFilterChain.doFilter(FilterChainProxy.java:374)
	at org.springframework.security.web.access.ExceptionTranslationFilter.doFilter(ExceptionTranslationFilter.java:125)
	at org.springframework.security.web.access.ExceptionTranslationFilter.doFilter(ExceptionTranslationFilter.java:119)
	at org.springframework.security.web.FilterChainProxy$VirtualFilterChain.doFilter(FilterChainProxy.java:374)
	at org.springframework.security.web.session.SessionManagementFilter.doFilter(SessionManagementFilter.java:131)
	at org.springframework.security.web.session.SessionManagementFilter.doFilter(SessionManagementFilter.java:85)
	at org.springframework.security.web.FilterChainProxy$VirtualFilterChain.doFilter(FilterChainProxy.java:374)
	at org.springframework.security.web.authentication.AnonymousAuthenticationFilter.doFilter(AnonymousAuthenticationFilter.java:100)
	at org.springframework.security.web.FilterChainProxy$VirtualFilterChain.doFilter(FilterChainProxy.java:374)
	at org.springframework.security.web.servletapi.SecurityContextHolderAwareRequestFilter.doFilter(SecurityContextHolderAwareRequestFilter.java:179)
	at org.springframework.security.web.FilterChainProxy$VirtualFilterChain.doFilter(FilterChainProxy.java:374)
	at org.springframework.security.web.savedrequest.RequestCacheAwareFilter.doFilter(RequestCacheAwareFilter.java:63)
	at org.springframework.security.web.FilterChainProxy$VirtualFilterChain.doFilter(FilterChainProxy.java:374)
	at com.padell.padell.config.JwtAuthenticationFilter.doFilterInternal(JwtAuthenticationFilter.java:60)
	at org.springframework.web.filter.OncePerRequestFilter.doFilter(OncePerRequestFilter.java:116)
	at org.springframework.security.web.FilterChainProxy$VirtualFilterChain.doFilter(FilterChainProxy.java:374)
	at org.springframework.security.web.authentication.logout.LogoutFilter.doFilter(LogoutFilter.java:107)
	at org.springframework.security.web.authentication.logout.LogoutFilter.doFilter(LogoutFilter.java:93)
	at org.springframework.security.web.FilterChainProxy$VirtualFilterChain.doFilter(FilterChainProxy.java:374)
	at org.springframework.security.web.header.HeaderWriterFilter.doHeadersAfter(HeaderWriterFilter.java:90)
	at org.springframework.security.web.header.HeaderWriterFilter.doFilterInternal(HeaderWriterFilter.java:75)
	at org.springframework.web.filter.OncePerRequestFilter.doFilter(OncePerRequestFilter.java:116)
	at org.springframework.security.web.FilterChainProxy$VirtualFilterChain.doFilter(FilterChainProxy.java:374)
	at org.springframework.security.web.context.SecurityContextHolderFilter.doFilter(SecurityContextHolderFilter.java:82)
	at org.springframework.security.web.context.SecurityContextHolderFilter.doFilter(SecurityContextHolderFilter.java:69)
	at org.springframework.security.web.FilterChainProxy$VirtualFilterChain.doFilter(FilterChainProxy.java:374)
	at org.springframework.security.web.context.request.async.WebAsyncManagerIntegrationFilter.doFilterInternal(WebAsyncManagerIntegrationFilter.java:62)
	at org.springframework.web.filter.OncePerRequestFilter.doFilter(OncePerRequestFilter.java:116)
	at org.springframework.security.web.FilterChainProxy$VirtualFilterChain.doFilter(FilterChainProxy.java:374)
	at org.springframework.security.web.session.DisableEncodeUrlFilter.doFilterInternal(DisableEncodeUrlFilter.java:42)
	at org.springframework.web.filter.OncePerRequestFilter.doFilter(OncePerRequestFilter.java:116)
	at org.springframework.security.web.FilterChainProxy$VirtualFilterChain.doFilter(FilterChainProxy.java:374)
	at org.springframework.security.web.FilterChainProxy.doFilterInternal(FilterChainProxy.java:233)
	at org.springframework.security.web.FilterChainProxy.doFilter(FilterChainProxy.java:191)
	at org.springframework.web.filter.CompositeFilter$VirtualFilterChain.doFilter(CompositeFilter.java:113)
	at org.springframework.web.filter.ServletRequestPathFilter.doFilter(ServletRequestPathFilter.java:52)
	at org.springframework.web.filter.CompositeFilter$VirtualFilterChain.doFilter(CompositeFilter.java:113)
	at org.springframework.web.filter.CompositeFilter.doFilter(CompositeFilter.java:74)
	at org.springframework.security.config.annotation.web.configuration.WebSecurityConfiguration$CompositeFilterChainProxy.doFilter(WebSecurityConfiguration.java:319)
	at org.springframework.web.filter.CompositeFilter$VirtualFilterChain.doFilter(CompositeFilter.java:113)
	at org.springframework.web.servlet.handler.HandlerMappingIntrospector.lambda$createCacheFilter$3(HandlerMappingIntrospector.java:243)
	at org.springframework.web.filter.CompositeFilter$VirtualFilterChain.doFilter(CompositeFilter.java:113)
	at org.springframework.web.filter.CompositeFilter.doFilter(CompositeFilter.java:74)
	at org.springframework.security.config.annotation.web.configuration.WebMvcSecurityConfiguration$CompositeFilterChainProxy.doFilter(WebMvcSecurityConfiguration.java:240)
	at org.springframework.web.filter.DelegatingFilterProxy.invokeDelegate(DelegatingFilterProxy.java:362)
	at org.springframework.web.filter.DelegatingFilterProxy.doFilter(DelegatingFilterProxy.java:278)
	at org.apache.catalina.core.ApplicationFilterChain.internalDoFilter(ApplicationFilterChain.java:164)
	at org.apache.catalina.core.ApplicationFilterChain.doFilter(ApplicationFilterChain.java:140)
	at org.springframework.web.filter.RequestContextFilter.doFilterInternal(RequestContextFilter.java:100)
	at org.springframework.web.filter.OncePerRequestFilter.doFilter(OncePerRequestFilter.java:116)
	at org.apache.catalina.core.ApplicationFilterChain.internalDoFilter(ApplicationFilterChain.java:164)
	at org.apache.catalina.core.ApplicationFilterChain.doFilter(ApplicationFilterChain.java:140)
	at org.springframework.web.filter.FormContentFilter.doFilterInternal(FormContentFilter.java:93)
	at org.springframework.web.filter.OncePerRequestFilter.doFilter(OncePerRequestFilter.java:116)
	at org.apache.catalina.core.ApplicationFilterChain.internalDoFilter(ApplicationFilterChain.java:164)
	at org.apache.catalina.core.ApplicationFilterChain.doFilter(ApplicationFilterChain.java:140)
	at org.springframework.web.filter.CharacterEncodingFilter.doFilterInternal(CharacterEncodingFilter.java:201)
	at org.springframework.web.filter.OncePerRequestFilter.doFilter(OncePerRequestFilter.java:116)
	at org.apache.catalina.core.ApplicationFilterChain.internalDoFilter(ApplicationFilterChain.java:164)
	at org.apache.catalina.core.ApplicationFilterChain.doFilter(ApplicationFilterChain.java:140)
	at org.apache.catalina.core.StandardWrapperValve.invoke(StandardWrapperValve.java:167)
	at org.apache.catalina.core.StandardContextValve.invoke(StandardContextValve.java:90)
	at org.apache.catalina.authenticator.AuthenticatorBase.invoke(AuthenticatorBase.java:483)
	at org.apache.catalina.core.StandardHostValve.invoke(StandardHostValve.java:116)
	at org.apache.catalina.valves.ErrorReportValve.invoke(ErrorReportValve.java:93)
	at org.apache.catalina.core.StandardEngineValve.invoke(StandardEngineValve.java:74)
	at org.apache.catalina.connector.CoyoteAdapter.service(CoyoteAdapter.java:344)
	at org.apache.coyote.http11.Http11Processor.service(Http11Processor.java:398)
	at org.apache.coyote.AbstractProcessorLight.process(AbstractProcessorLight.java:63)
	at org.apache.coyote.AbstractProtocol$ConnectionHandler.process(AbstractProtocol.java:903)
	at org.apache.tomcat.util.net.NioEndpoint$SocketProcessor.doRun(NioEndpoint.java:1740)
	at org.apache.tomcat.util.net.SocketProcessorBase.run(SocketProcessorBase.java:52)
	at org.apache.tomcat.util.threads.ThreadPoolExecutor.runWorker(ThreadPoolExecutor.java:1189)
	at org.apache.tomcat.util.threads.ThreadPoolExecutor$Worker.run(ThreadPoolExecutor.java:658)
	at org.apache.tomcat.util.threads.TaskThread$WrappingRunnable.run(TaskThread.java:63)
	at java.base/java.lang.Thread.run(Thread.java:1583)
2026-08-26T17:32:39.103+02:00  WARN 1756 --- [nio-8082-exec-6] .m.m.a.ExceptionHandlerExceptionResolver : Resolved [org.hibernate.LazyInitializationException: Could not initialize proxy [com.padell.padell.entity.Match#4] - no session]
Hibernate: select s1_0.id,s1_0.adresse,s1_0.annee_civile,s1_0.created_at,s1_0.duree_entre_match_minutes,s1_0.duree_match_minutes,s1_0.heure_fermeture,s1_0.heure_ouverture,s1_0.nom,s1_0.updated_at from sites s1_0
Hibernate: select m1_0.id,m1_0.created_at,m1_0.date_conversion_public,m1_0.date_debut,m1_0.date_fin,m1_0.nb_joueurs_actuels,m1_0.organisateur_id,o1_0.id,o1_0.created_at,o1_0.email,o1_0.matricule,o1_0.nom,o1_0.password_hash,o1_0.prenom,o1_0.site_id,o1_0.solde,o1_0.type_membre,o1_0.updated_at,m1_0.prix_par_joueur,m1_0.prix_total,m1_0.statut,m1_0.terrain_id,t1_0.id,t1_0.created_at,t1_0.nom,t1_0.prix,t1_0.site_id,s2_0.id,s2_0.adresse,s2_0.annee_civile,s2_0.created_at,s2_0.duree_entre_match_minutes,s2_0.duree_match_minutes,s2_0.heure_fermeture,s2_0.heure_ouverture,s2_0.nom,s2_0.updated_at,t1_0.updated_at,m1_0.type_match,m1_0.updated_at from matches m1_0 join membres o1_0 on o1_0.id=m1_0.organisateur_id join terrains t1_0 on t1_0.id=m1_0.terrain_id join sites s2_0 on s2_0.id=t1_0.site_id where m1_0.type_match=? and m1_0.statut=?
Hibernate: select m1_0.id,m1_0.created_at,m1_0.email,m1_0.matricule,m1_0.nom,m1_0.password_hash,m1_0.prenom,s1_0.id,s1_0.adresse,s1_0.annee_civile,s1_0.created_at,s1_0.duree_entre_match_minutes,s1_0.duree_match_minutes,s1_0.heure_fermeture,s1_0.heure_ouverture,s1_0.nom,s1_0.updated_at,m1_0.solde,m1_0.type_membre,m1_0.updated_at from membres m1_0 left join sites s1_0 on s1_0.id=m1_0.site_id where upper(m1_0.matricule)=upper(?)
Hibernate: select m1_0.id,m1_0.created_at,m1_0.date_conversion_public,m1_0.date_debut,m1_0.date_fin,m1_0.nb_joueurs_actuels,m1_0.organisateur_id,o1_0.id,o1_0.created_at,o1_0.email,o1_0.matricule,o1_0.nom,o1_0.password_hash,o1_0.prenom,o1_0.site_id,o1_0.solde,o1_0.type_membre,o1_0.updated_at,m1_0.prix_par_joueur,m1_0.prix_total,m1_0.statut,m1_0.terrain_id,t1_0.id,t1_0.created_at,t1_0.nom,t1_0.prix,t1_0.site_id,s2_0.id,s2_0.adresse,s2_0.annee_civile,s2_0.created_at,s2_0.duree_entre_match_minutes,s2_0.duree_match_minutes,s2_0.heure_fermeture,s2_0.heure_ouverture,s2_0.nom,s2_0.updated_at,t1_0.updated_at,m1_0.type_match,m1_0.updated_at from matches m1_0 join membres o1_0 on o1_0.id=m1_0.organisateur_id join terrains t1_0 on t1_0.id=m1_0.terrain_id join sites s2_0 on s2_0.id=t1_0.site_id where m1_0.id=?
2026-08-26T17:32:59.517+02:00  INFO 1756 --- [io-8082-exec-10] c.p.p.service.impl.MatchServiceImpl      : Match 5 annulé par l'organisateur 5
Hibernate: update matches set date_conversion_public=?,date_debut=?,date_fin=?,nb_joueurs_actuels=?,organisateur_id=?,prix_par_joueur=?,prix_total=?,statut=?,terrain_id=?,type_match=?,updated_at=? where id=?
Hibernate: select m1_0.id,m1_0.created_at,m1_0.date_conversion_public,m1_0.date_debut,m1_0.date_fin,m1_0.nb_joueurs_actuels,m1_0.organisateur_id,o1_0.id,o1_0.created_at,o1_0.email,o1_0.matricule,o1_0.nom,o1_0.password_hash,o1_0.prenom,o1_0.site_id,o1_0.solde,o1_0.type_membre,o1_0.updated_at,m1_0.prix_par_joueur,m1_0.prix_total,m1_0.statut,m1_0.terrain_id,t1_0.id,t1_0.created_at,t1_0.nom,t1_0.prix,t1_0.site_id,s2_0.id,s2_0.adresse,s2_0.annee_civile,s2_0.created_at,s2_0.duree_entre_match_minutes,s2_0.duree_match_minutes,s2_0.heure_fermeture,s2_0.heure_ouverture,s2_0.nom,s2_0.updated_at,t1_0.updated_at,m1_0.type_match,m1_0.updated_at from matches m1_0 join membres o1_0 on o1_0.id=m1_0.organisateur_id join terrains t1_0 on t1_0.id=m1_0.terrain_id join sites s2_0 on s2_0.id=t1_0.site_id where m1_0.type_match=? and m1_0.statut=?
Hibernate: select s1_0.id,s1_0.adresse,s1_0.annee_civile,s1_0.created_at,s1_0.duree_entre_match_minutes,s1_0.duree_match_minutes,s1_0.heure_fermeture,s1_0.heure_ouverture,s1_0.nom,s1_0.updated_at from sites s1_0
Hibernate: select m1_0.id,m1_0.created_at,m1_0.email,m1_0.matricule,m1_0.nom,m1_0.password_hash,m1_0.prenom,s1_0.id,s1_0.adresse,s1_0.annee_civile,s1_0.created_at,s1_0.duree_entre_match_minutes,s1_0.duree_match_minutes,s1_0.heure_fermeture,s1_0.heure_ouverture,s1_0.nom,s1_0.updated_at,m1_0.solde,m1_0.type_membre,m1_0.updated_at from membres m1_0 left join sites s1_0 on s1_0.id=m1_0.site_id where m1_0.id=?
Hibernate: select m1_0.id,m1_0.created_at,m1_0.email,m1_0.matricule,m1_0.nom,m1_0.password_hash,m1_0.prenom,s1_0.id,s1_0.adresse,s1_0.annee_civile,s1_0.created_at,s1_0.duree_entre_match_minutes,s1_0.duree_match_minutes,s1_0.heure_fermeture,s1_0.heure_ouverture,s1_0.nom,s1_0.updated_at,m1_0.solde,m1_0.type_membre,m1_0.updated_at from membres m1_0 left join sites s1_0 on s1_0.id=m1_0.site_id where upper(m1_0.matricule)=upper(?)
Hibernate: select m1_0.id,m1_0.created_at,m1_0.email,m1_0.matricule,m1_0.nom,m1_0.password_hash,m1_0.prenom,s1_0.id,s1_0.adresse,s1_0.annee_civile,s1_0.created_at,s1_0.duree_entre_match_minutes,s1_0.duree_match_minutes,s1_0.heure_fermeture,s1_0.heure_ouverture,s1_0.nom,s1_0.updated_at,m1_0.solde,m1_0.type_membre,m1_0.updated_at from membres m1_0 left join sites s1_0 on s1_0.id=m1_0.site_id where m1_0.id=?
Hibernate: select m1_0.id,m1_0.created_at,m1_0.email,m1_0.matricule,m1_0.nom,m1_0.password_hash,m1_0.prenom,s1_0.id,s1_0.adresse,s1_0.annee_civile,s1_0.created_at,s1_0.duree_entre_match_minutes,s1_0.duree_match_minutes,s1_0.heure_fermeture,s1_0.heure_ouverture,s1_0.nom,s1_0.updated_at,m1_0.solde,m1_0.type_membre,m1_0.updated_at from membres m1_0 left join sites s1_0 on s1_0.id=m1_0.site_id where upper(m1_0.matricule)=upper(?)
Hibernate: select m1_0.id,m1_0.created_at,m1_0.email,m1_0.matricule,m1_0.nom,m1_0.password_hash,m1_0.prenom,s1_0.id,s1_0.adresse,s1_0.annee_civile,s1_0.created_at,s1_0.duree_entre_match_minutes,s1_0.duree_match_minutes,s1_0.heure_fermeture,s1_0.heure_ouverture,s1_0.nom,s1_0.updated_at,m1_0.solde,m1_0.type_membre,m1_0.updated_at from membres m1_0 left join sites s1_0 on s1_0.id=m1_0.site_id where upper(m1_0.matricule)=upper(?)
Hibernate: select p1_0.id from penalites p1_0 left join membres m1_0 on m1_0.id=p1_0.membre_id where m1_0.id=? and p1_0.date_fin>? fetch first ? rows only
Hibernate: select m1_0.id,m1_0.created_at,m1_0.email,m1_0.matricule,m1_0.nom,m1_0.password_hash,m1_0.prenom,s1_0.id,s1_0.adresse,s1_0.annee_civile,s1_0.created_at,s1_0.duree_entre_match_minutes,s1_0.duree_match_minutes,s1_0.heure_fermeture,s1_0.heure_ouverture,s1_0.nom,s1_0.updated_at,m1_0.solde,m1_0.type_membre,m1_0.updated_at from membres m1_0 left join sites s1_0 on s1_0.id=m1_0.site_id where m1_0.id=?
2026-08-26T17:54:43.636+02:00  WARN 1756 --- [l-1:housekeeper] com.zaxxer.hikari.pool.PoolBase          : HikariPool-1 - Failed to validate connection org.postgresql.jdbc.PgConnection@55a7fdc2 (This connection has been closed.). Possibly consider using a shorter maxLifetime value.
2026-08-26T17:55:28.632+02:00  WARN 1756 --- [l-1:housekeeper] com.zaxxer.hikari.pool.PoolBase          : HikariPool-1 - Failed to validate connection org.postgresql.jdbc.PgConnection@c84c66 (This connection has been closed.). Possibly consider using a shorter maxLifetime value.
2026-08-26T17:55:30.017+02:00  WARN 1756 --- [l-1:housekeeper] com.zaxxer.hikari.pool.PoolBase          : HikariPool-1 - Failed to validate connection org.postgresql.jdbc.PgConnection@20cb7602 (This connection has been closed.). Possibly consider using a shorter maxLifetime value.
2026-08-26T17:55:34.762+02:00  WARN 1756 --- [l-1:housekeeper] com.zaxxer.hikari.pool.PoolBase          : HikariPool-1 - Failed to validate connection org.postgresql.jdbc.PgConnection@15ddf2b0 (This connection has been closed.). Possibly consider using a shorter maxLifetime value.
2026-08-26T17:55:36.857+02:00  WARN 1756 --- [l-1:housekeeper] com.zaxxer.hikari.pool.PoolBase          : HikariPool-1 - Failed to validate connection org.postgresql.jdbc.PgConnection@57342711 (This connection has been closed.). Possibly consider using a shorter maxLifetime value.
2026-08-26T17:55:37.563+02:00  WARN 1756 --- [l-1:housekeeper] com.zaxxer.hikari.pool.PoolBase          : HikariPool-1 - Failed to validate connection org.postgresql.jdbc.PgConnection@5b8b454c (This connection has been closed.). Possibly consider using a shorter maxLifetime value.
2026-08-26T17:55:45.674+02:00  WARN 1756 --- [l-1:housekeeper] com.zaxxer.hikari.pool.PoolBase          : HikariPool-1 - Failed to validate connection org.postgresql.jdbc.PgConnection@200b5359 (This connection has been closed.). Possibly consider using a shorter maxLifetime value.
2026-08-26T17:55:58.299+02:00  WARN 1756 --- [l-1:housekeeper] com.zaxxer.hikari.pool.PoolBase          : HikariPool-1 - Failed to validate connection org.postgresql.jdbc.PgConnection@2c43d573 (This connection has been closed.). Possibly consider using a shorter maxLifetime value.
2026-08-26T17:56:29.185+02:00  WARN 1756 --- [l-1:housekeeper] com.zaxxer.hikari.pool.PoolBase          : HikariPool-1 - Failed to validate connection org.postgresql.jdbc.PgConnection@57885bec (This connection has been closed.). Possibly consider using a shorter maxLifetime value.
2026-08-26T17:56:30.327+02:00  WARN 1756 --- [l-1:housekeeper] com.zaxxer.hikari.pool.PoolBase          : HikariPool-1 - Failed to validate connection org.postgresql.jdbc.PgConnection@741614dd (This connection has been closed.). Possibly consider using a shorter maxLifetime value.
2026-08-26T17:56:34.338+02:00  WARN 1756 --- [onnection-adder] com.zaxxer.hikari.pool.PoolBase          : HikariPool-1 - Pool is empty, failed to create/setup connection (18a1710f-ff4e-4c37-b89e-25f7f0fa4af0)

org.postgresql.util.PSQLException: Connection to localhost:5440 refused. Check that the hostname and port are correct and that the postmaster is accepting TCP/IP connections.
	at org.postgresql.core.v3.ConnectionFactoryImpl.openConnectionImpl(ConnectionFactoryImpl.java:352) ~[postgresql-42.7.5.jar:42.7.5]
	at org.postgresql.core.ConnectionFactory.openConnection(ConnectionFactory.java:54) ~[postgresql-42.7.5.jar:42.7.5]
	at org.postgresql.jdbc.PgConnection.<init>(PgConnection.java:273) ~[postgresql-42.7.5.jar:42.7.5]
	at org.postgresql.Driver.makeConnection(Driver.java:446) ~[postgresql-42.7.5.jar:42.7.5]
	at org.postgresql.Driver.connect(Driver.java:298) ~[postgresql-42.7.5.jar:42.7.5]
	at com.zaxxer.hikari.util.DriverDataSource.getConnection(DriverDataSource.java:139) ~[HikariCP-6.3.0.jar:na]
	at com.zaxxer.hikari.pool.PoolBase.newConnection(PoolBase.java:368) ~[HikariCP-6.3.0.jar:na]
	at com.zaxxer.hikari.pool.PoolBase.newPoolEntry(PoolBase.java:205) ~[HikariCP-6.3.0.jar:na]
	at com.zaxxer.hikari.pool.HikariPool.createPoolEntry(HikariPool.java:483) ~[HikariCP-6.3.0.jar:na]
	at com.zaxxer.hikari.pool.HikariPool$PoolEntryCreator.call(HikariPool.java:747) ~[HikariCP-6.3.0.jar:na]
	at com.zaxxer.hikari.pool.HikariPool$PoolEntryCreator.call(HikariPool.java:726) ~[HikariCP-6.3.0.jar:na]
	at java.base/java.util.concurrent.FutureTask.run(FutureTask.java:317) ~[na:na]
	at java.base/java.util.concurrent.ThreadPoolExecutor.runWorker(ThreadPoolExecutor.java:1144) ~[na:na]
	at java.base/java.util.concurrent.ThreadPoolExecutor$Worker.run(ThreadPoolExecutor.java:642) ~[na:na]
	at java.base/java.lang.Thread.run(Thread.java:1583) ~[na:na]
Caused by: java.net.ConnectException: Connection refused: getsockopt
	at java.base/sun.nio.ch.Net.pollConnect(Native Method) ~[na:na]
	at java.base/sun.nio.ch.Net.pollConnectNow(Net.java:690) ~[na:na]
	at java.base/sun.nio.ch.NioSocketImpl.timedFinishConnect(NioSocketImpl.java:542) ~[na:na]
	at java.base/sun.nio.ch.NioSocketImpl.connect(NioSocketImpl.java:592) ~[na:na]
	at java.base/java.net.SocksSocketImpl.connect(SocksSocketImpl.java:327) ~[na:na]
	at java.base/java.net.Socket.connect(Socket.java:751) ~[na:na]
	at org.postgresql.core.PGStream.createSocket(PGStream.java:260) ~[postgresql-42.7.5.jar:42.7.5]
	at org.postgresql.core.PGStream.<init>(PGStream.java:121) ~[postgresql-42.7.5.jar:42.7.5]
	at org.postgresql.core.v3.ConnectionFactoryImpl.tryConnect(ConnectionFactoryImpl.java:140) ~[postgresql-42.7.5.jar:42.7.5]
	at org.postgresql.core.v3.ConnectionFactoryImpl.openConnectionImpl(ConnectionFactoryImpl.java:268) ~[postgresql-42.7.5.jar:42.7.5]
	... 14 common frames omitted

2026-08-26T17:57:41.831+02:00  WARN 1756 --- [onnection-adder] com.zaxxer.hikari.pool.PoolBase          : HikariPool-1 - Pool is empty, failed to create/setup connection (30d3c900-61dc-4d76-8f4e-fdb9ba49cee5)

org.postgresql.util.PSQLException: Connection to localhost:5440 refused. Check that the hostname and port are correct and that the postmaster is accepting TCP/IP connections.
	at org.postgresql.core.v3.ConnectionFactoryImpl.openConnectionImpl(ConnectionFactoryImpl.java:352) ~[postgresql-42.7.5.jar:42.7.5]
	at org.postgresql.core.ConnectionFactory.openConnection(ConnectionFactory.java:54) ~[postgresql-42.7.5.jar:42.7.5]
	at org.postgresql.jdbc.PgConnection.<init>(PgConnection.java:273) ~[postgresql-42.7.5.jar:42.7.5]
	at org.postgresql.Driver.makeConnection(Driver.java:446) ~[postgresql-42.7.5.jar:42.7.5]
	at org.postgresql.Driver.connect(Driver.java:298) ~[postgresql-42.7.5.jar:42.7.5]
	at com.zaxxer.hikari.util.DriverDataSource.getConnection(DriverDataSource.java:139) ~[HikariCP-6.3.0.jar:na]
	at com.zaxxer.hikari.pool.PoolBase.newConnection(PoolBase.java:368) ~[HikariCP-6.3.0.jar:na]
	at com.zaxxer.hikari.pool.PoolBase.newPoolEntry(PoolBase.java:205) ~[HikariCP-6.3.0.jar:na]
	at com.zaxxer.hikari.pool.HikariPool.createPoolEntry(HikariPool.java:483) ~[HikariCP-6.3.0.jar:na]
	at com.zaxxer.hikari.pool.HikariPool$PoolEntryCreator.call(HikariPool.java:747) ~[HikariCP-6.3.0.jar:na]
	at com.zaxxer.hikari.pool.HikariPool$PoolEntryCreator.call(HikariPool.java:726) ~[HikariCP-6.3.0.jar:na]
	at java.base/java.util.concurrent.FutureTask.run(FutureTask.java:317) ~[na:na]
	at java.base/java.util.concurrent.ThreadPoolExecutor.runWorker(ThreadPoolExecutor.java:1144) ~[na:na]
	at java.base/java.util.concurrent.ThreadPoolExecutor$Worker.run(ThreadPoolExecutor.java:642) ~[na:na]
	at java.base/java.lang.Thread.run(Thread.java:1583) ~[na:na]
Caused by: java.net.ConnectException: Connection refused: getsockopt
	at java.base/sun.nio.ch.Net.pollConnect(Native Method) ~[na:na]
	at java.base/sun.nio.ch.Net.pollConnectNow(Net.java:690) ~[na:na]
	at java.base/sun.nio.ch.NioSocketImpl.timedFinishConnect(NioSocketImpl.java:542) ~[na:na]
	at java.base/sun.nio.ch.NioSocketImpl.connect(NioSocketImpl.java:592) ~[na:na]
	at java.base/java.net.SocksSocketImpl.connect(SocksSocketImpl.java:327) ~[na:na]
	at java.base/java.net.Socket.connect(Socket.java:751) ~[na:na]
	at org.postgresql.core.PGStream.createSocket(PGStream.java:260) ~[postgresql-42.7.5.jar:42.7.5]
	at org.postgresql.core.PGStream.<init>(PGStream.java:121) ~[postgresql-42.7.5.jar:42.7.5]
	at org.postgresql.core.v3.ConnectionFactoryImpl.tryConnect(ConnectionFactoryImpl.java:140) ~[postgresql-42.7.5.jar:42.7.5]
	at org.postgresql.core.v3.ConnectionFactoryImpl.openConnectionImpl(ConnectionFactoryImpl.java:268) ~[postgresql-42.7.5.jar:42.7.5]
	... 14 common frames omitted

2026-08-26T17:58:47.096+02:00  WARN 1756 --- [onnection-adder] com.zaxxer.hikari.pool.PoolBase          : HikariPool-1 - Pool is empty, failed to create/setup connection (c65efd31-e753-43f3-99da-b3ba323311f3)

org.postgresql.util.PSQLException: Connection to localhost:5440 refused. Check that the hostname and port are correct and that the postmaster is accepting TCP/IP connections.
	at org.postgresql.core.v3.ConnectionFactoryImpl.openConnectionImpl(ConnectionFactoryImpl.java:352) ~[postgresql-42.7.5.jar:42.7.5]
	at org.postgresql.core.ConnectionFactory.openConnection(ConnectionFactory.java:54) ~[postgresql-42.7.5.jar:42.7.5]
	at org.postgresql.jdbc.PgConnection.<init>(PgConnection.java:273) ~[postgresql-42.7.5.jar:42.7.5]
	at org.postgresql.Driver.makeConnection(Driver.java:446) ~[postgresql-42.7.5.jar:42.7.5]
	at org.postgresql.Driver.connect(Driver.java:298) ~[postgresql-42.7.5.jar:42.7.5]
	at com.zaxxer.hikari.util.DriverDataSource.getConnection(DriverDataSource.java:139) ~[HikariCP-6.3.0.jar:na]
	at com.zaxxer.hikari.pool.PoolBase.newConnection(PoolBase.java:368) ~[HikariCP-6.3.0.jar:na]
	at com.zaxxer.hikari.pool.PoolBase.newPoolEntry(PoolBase.java:205) ~[HikariCP-6.3.0.jar:na]
	at com.zaxxer.hikari.pool.HikariPool.createPoolEntry(HikariPool.java:483) ~[HikariCP-6.3.0.jar:na]
	at com.zaxxer.hikari.pool.HikariPool$PoolEntryCreator.call(HikariPool.java:747) ~[HikariCP-6.3.0.jar:na]
	at com.zaxxer.hikari.pool.HikariPool$PoolEntryCreator.call(HikariPool.java:726) ~[HikariCP-6.3.0.jar:na]
	at java.base/java.util.concurrent.FutureTask.run(FutureTask.java:317) ~[na:na]
	at java.base/java.util.concurrent.ThreadPoolExecutor.runWorker(ThreadPoolExecutor.java:1144) ~[na:na]
	at java.base/java.util.concurrent.ThreadPoolExecutor$Worker.run(ThreadPoolExecutor.java:642) ~[na:na]
	at java.base/java.lang.Thread.run(Thread.java:1583) ~[na:na]
Caused by: java.net.ConnectException: Connection refused: getsockopt
	at java.base/sun.nio.ch.Net.pollConnect(Native Method) ~[na:na]
	at java.base/sun.nio.ch.Net.pollConnectNow(Net.java:690) ~[na:na]
	at java.base/sun.nio.ch.NioSocketImpl.timedFinishConnect(NioSocketImpl.java:542) ~[na:na]
	at java.base/sun.nio.ch.NioSocketImpl.connect(NioSocketImpl.java:592) ~[na:na]
	at java.base/java.net.SocksSocketImpl.connect(SocksSocketImpl.java:327) ~[na:na]
	at java.base/java.net.Socket.connect(Socket.java:751) ~[na:na]
	at org.postgresql.core.PGStream.createSocket(PGStream.java:260) ~[postgresql-42.7.5.jar:42.7.5]
	at org.postgresql.core.PGStream.<init>(PGStream.java:121) ~[postgresql-42.7.5.jar:42.7.5]
	at org.postgresql.core.v3.ConnectionFactoryImpl.tryConnect(ConnectionFactoryImpl.java:140) ~[postgresql-42.7.5.jar:42.7.5]
	at org.postgresql.core.v3.ConnectionFactoryImpl.openConnectionImpl(ConnectionFactoryImpl.java:268) ~[postgresql-42.7.5.jar:42.7.5]
	... 14 common frames omitted

2026-08-26T17:59:52.366+02:00  WARN 1756 --- [onnection-adder] com.zaxxer.hikari.pool.PoolBase          : HikariPool-1 - Pool is empty, failed to create/setup connection (75669d65-3552-4548-8e4e-766b330eb2f5)

org.postgresql.util.PSQLException: Connection to localhost:5440 refused. Check that the hostname and port are correct and that the postmaster is accepting TCP/IP connections.
	at org.postgresql.core.v3.ConnectionFactoryImpl.openConnectionImpl(ConnectionFactoryImpl.java:352) ~[postgresql-42.7.5.jar:42.7.5]
	at org.postgresql.core.ConnectionFactory.openConnection(ConnectionFactory.java:54) ~[postgresql-42.7.5.jar:42.7.5]
	at org.postgresql.jdbc.PgConnection.<init>(PgConnection.java:273) ~[postgresql-42.7.5.jar:42.7.5]
	at org.postgresql.Driver.makeConnection(Driver.java:446) ~[postgresql-42.7.5.jar:42.7.5]
	at org.postgresql.Driver.connect(Driver.java:298) ~[postgresql-42.7.5.jar:42.7.5]
	at com.zaxxer.hikari.util.DriverDataSource.getConnection(DriverDataSource.java:139) ~[HikariCP-6.3.0.jar:na]
	at com.zaxxer.hikari.pool.PoolBase.newConnection(PoolBase.java:368) ~[HikariCP-6.3.0.jar:na]
	at com.zaxxer.hikari.pool.PoolBase.newPoolEntry(PoolBase.java:205) ~[HikariCP-6.3.0.jar:na]
	at com.zaxxer.hikari.pool.HikariPool.createPoolEntry(HikariPool.java:483) ~[HikariCP-6.3.0.jar:na]
	at com.zaxxer.hikari.pool.HikariPool$PoolEntryCreator.call(HikariPool.java:747) ~[HikariCP-6.3.0.jar:na]
	at com.zaxxer.hikari.pool.HikariPool$PoolEntryCreator.call(HikariPool.java:726) ~[HikariCP-6.3.0.jar:na]
	at java.base/java.util.concurrent.FutureTask.run(FutureTask.java:317) ~[na:na]
	at java.base/java.util.concurrent.ThreadPoolExecutor.runWorker(ThreadPoolExecutor.java:1144) ~[na:na]
	at java.base/java.util.concurrent.ThreadPoolExecutor$Worker.run(ThreadPoolExecutor.java:642) ~[na:na]
	at java.base/java.lang.Thread.run(Thread.java:1583) ~[na:na]
Caused by: java.net.ConnectException: Connection refused: getsockopt
	at java.base/sun.nio.ch.Net.pollConnect(Native Method) ~[na:na]
	at java.base/sun.nio.ch.Net.pollConnectNow(Net.java:690) ~[na:na]
	at java.base/sun.nio.ch.NioSocketImpl.timedFinishConnect(NioSocketImpl.java:542) ~[na:na]
	at java.base/sun.nio.ch.NioSocketImpl.connect(NioSocketImpl.java:592) ~[na:na]
	at java.base/java.net.SocksSocketImpl.connect(SocksSocketImpl.java:327) ~[na:na]
	at java.base/java.net.Socket.connect(Socket.java:751) ~[na:na]
	at org.postgresql.core.PGStream.createSocket(PGStream.java:260) ~[postgresql-42.7.5.jar:42.7.5]
	at org.postgresql.core.PGStream.<init>(PGStream.java:121) ~[postgresql-42.7.5.jar:42.7.5]
	at org.postgresql.core.v3.ConnectionFactoryImpl.tryConnect(ConnectionFactoryImpl.java:140) ~[postgresql-42.7.5.jar:42.7.5]
	at org.postgresql.core.v3.ConnectionFactoryImpl.openConnectionImpl(ConnectionFactoryImpl.java:268) ~[postgresql-42.7.5.jar:42.7.5]
	... 14 common frames omitted

2026-08-26T18:00:57.620+02:00  WARN 1756 --- [onnection-adder] com.zaxxer.hikari.pool.PoolBase          : HikariPool-1 - Pool is empty, failed to create/setup connection (54519b83-1489-41dc-8192-e07b3446fb4a)

org.postgresql.util.PSQLException: Connection to localhost:5440 refused. Check that the hostname and port are correct and that the postmaster is accepting TCP/IP connections.
	at org.postgresql.core.v3.ConnectionFactoryImpl.openConnectionImpl(ConnectionFactoryImpl.java:352) ~[postgresql-42.7.5.jar:42.7.5]
	at org.postgresql.core.ConnectionFactory.openConnection(ConnectionFactory.java:54) ~[postgresql-42.7.5.jar:42.7.5]
	at org.postgresql.jdbc.PgConnection.<init>(PgConnection.java:273) ~[postgresql-42.7.5.jar:42.7.5]
	at org.postgresql.Driver.makeConnection(Driver.java:446) ~[postgresql-42.7.5.jar:42.7.5]
	at org.postgresql.Driver.connect(Driver.java:298) ~[postgresql-42.7.5.jar:42.7.5]
	at com.zaxxer.hikari.util.DriverDataSource.getConnection(DriverDataSource.java:139) ~[HikariCP-6.3.0.jar:na]
	at com.zaxxer.hikari.pool.PoolBase.newConnection(PoolBase.java:368) ~[HikariCP-6.3.0.jar:na]
	at com.zaxxer.hikari.pool.PoolBase.newPoolEntry(PoolBase.java:205) ~[HikariCP-6.3.0.jar:na]
	at com.zaxxer.hikari.pool.HikariPool.createPoolEntry(HikariPool.java:483) ~[HikariCP-6.3.0.jar:na]
	at com.zaxxer.hikari.pool.HikariPool$PoolEntryCreator.call(HikariPool.java:747) ~[HikariCP-6.3.0.jar:na]
	at com.zaxxer.hikari.pool.HikariPool$PoolEntryCreator.call(HikariPool.java:726) ~[HikariCP-6.3.0.jar:na]
	at java.base/java.util.concurrent.FutureTask.run(FutureTask.java:317) ~[na:na]
	at java.base/java.util.concurrent.ThreadPoolExecutor.runWorker(ThreadPoolExecutor.java:1144) ~[na:na]
	at java.base/java.util.concurrent.ThreadPoolExecutor$Worker.run(ThreadPoolExecutor.java:642) ~[na:na]
	at java.base/java.lang.Thread.run(Thread.java:1583) ~[na:na]
Caused by: java.net.ConnectException: Connection refused: getsockopt
	at java.base/sun.nio.ch.Net.pollConnect(Native Method) ~[na:na]
	at java.base/sun.nio.ch.Net.pollConnectNow(Net.java:690) ~[na:na]
	at java.base/sun.nio.ch.NioSocketImpl.timedFinishConnect(NioSocketImpl.java:542) ~[na:na]
	at java.base/sun.nio.ch.NioSocketImpl.connect(NioSocketImpl.java:592) ~[na:na]
	at java.base/java.net.SocksSocketImpl.connect(SocksSocketImpl.java:327) ~[na:na]
	at java.base/java.net.Socket.connect(Socket.java:751) ~[na:na]
	at org.postgresql.core.PGStream.createSocket(PGStream.java:260) ~[postgresql-42.7.5.jar:42.7.5]
	at org.postgresql.core.PGStream.<init>(PGStream.java:121) ~[postgresql-42.7.5.jar:42.7.5]
	at org.postgresql.core.v3.ConnectionFactoryImpl.tryConnect(ConnectionFactoryImpl.java:140) ~[postgresql-42.7.5.jar:42.7.5]
	at org.postgresql.core.v3.ConnectionFactoryImpl.openConnectionImpl(ConnectionFactoryImpl.java:268) ~[postgresql-42.7.5.jar:42.7.5]
	... 14 common frames omitted

2026-08-26T18:02:02.816+02:00  WARN 1756 --- [onnection-adder] com.zaxxer.hikari.pool.PoolBase          : HikariPool-1 - Pool is empty, failed to create/setup connection (e24945cd-f2bc-4924-acd6-f7d22bd655d9)

org.postgresql.util.PSQLException: Connection to localhost:5440 refused. Check that the hostname and port are correct and that the postmaster is accepting TCP/IP connections.
	at org.postgresql.core.v3.ConnectionFactoryImpl.openConnectionImpl(ConnectionFactoryImpl.java:352) ~[postgresql-42.7.5.jar:42.7.5]
	at org.postgresql.core.ConnectionFactory.openConnection(ConnectionFactory.java:54) ~[postgresql-42.7.5.jar:42.7.5]
	at org.postgresql.jdbc.PgConnection.<init>(PgConnection.java:273) ~[postgresql-42.7.5.jar:42.7.5]
	at org.postgresql.Driver.makeConnection(Driver.java:446) ~[postgresql-42.7.5.jar:42.7.5]
	at org.postgresql.Driver.connect(Driver.java:298) ~[postgresql-42.7.5.jar:42.7.5]
	at com.zaxxer.hikari.util.DriverDataSource.getConnection(DriverDataSource.java:139) ~[HikariCP-6.3.0.jar:na]
	at com.zaxxer.hikari.pool.PoolBase.newConnection(PoolBase.java:368) ~[HikariCP-6.3.0.jar:na]
	at com.zaxxer.hikari.pool.PoolBase.newPoolEntry(PoolBase.java:205) ~[HikariCP-6.3.0.jar:na]
	at com.zaxxer.hikari.pool.HikariPool.createPoolEntry(HikariPool.java:483) ~[HikariCP-6.3.0.jar:na]
	at com.zaxxer.hikari.pool.HikariPool$PoolEntryCreator.call(HikariPool.java:747) ~[HikariCP-6.3.0.jar:na]
	at com.zaxxer.hikari.pool.HikariPool$PoolEntryCreator.call(HikariPool.java:726) ~[HikariCP-6.3.0.jar:na]
	at java.base/java.util.concurrent.FutureTask.run(FutureTask.java:317) ~[na:na]
	at java.base/java.util.concurrent.ThreadPoolExecutor.runWorker(ThreadPoolExecutor.java:1144) ~[na:na]
	at java.base/java.util.concurrent.ThreadPoolExecutor$Worker.run(ThreadPoolExecutor.java:642) ~[na:na]
	at java.base/java.lang.Thread.run(Thread.java:1583) ~[na:na]
Caused by: java.net.ConnectException: Connection refused: getsockopt
	at java.base/sun.nio.ch.Net.pollConnect(Native Method) ~[na:na]
	at java.base/sun.nio.ch.Net.pollConnectNow(Net.java:690) ~[na:na]
	at java.base/sun.nio.ch.NioSocketImpl.timedFinishConnect(NioSocketImpl.java:542) ~[na:na]
	at java.base/sun.nio.ch.NioSocketImpl.connect(NioSocketImpl.java:592) ~[na:na]
	at java.base/java.net.SocksSocketImpl.connect(SocksSocketImpl.java:327) ~[na:na]
	at java.base/java.net.Socket.connect(Socket.java:751) ~[na:na]
	at org.postgresql.core.PGStream.createSocket(PGStream.java:260) ~[postgresql-42.7.5.jar:42.7.5]
	at org.postgresql.core.PGStream.<init>(PGStream.java:121) ~[postgresql-42.7.5.jar:42.7.5]
	at org.postgresql.core.v3.ConnectionFactoryImpl.tryConnect(ConnectionFactoryImpl.java:140) ~[postgresql-42.7.5.jar:42.7.5]
	at org.postgresql.core.v3.ConnectionFactoryImpl.openConnectionImpl(ConnectionFactoryImpl.java:268) ~[postgresql-42.7.5.jar:42.7.5]
	... 14 common frames omitted

2026-08-26T18:03:08.044+02:00  WARN 1756 --- [onnection-adder] com.zaxxer.hikari.pool.PoolBase          : HikariPool-1 - Pool is empty, failed to create/setup connection (5ce62497-55c7-47b2-9564-e82123c2881f)

org.postgresql.util.PSQLException: Connection to localhost:5440 refused. Check that the hostname and port are correct and that the postmaster is accepting TCP/IP connections.
	at org.postgresql.core.v3.ConnectionFactoryImpl.openConnectionImpl(ConnectionFactoryImpl.java:352) ~[postgresql-42.7.5.jar:42.7.5]
	at org.postgresql.core.ConnectionFactory.openConnection(ConnectionFactory.java:54) ~[postgresql-42.7.5.jar:42.7.5]
	at org.postgresql.jdbc.PgConnection.<init>(PgConnection.java:273) ~[postgresql-42.7.5.jar:42.7.5]
	at org.postgresql.Driver.makeConnection(Driver.java:446) ~[postgresql-42.7.5.jar:42.7.5]
	at org.postgresql.Driver.connect(Driver.java:298) ~[postgresql-42.7.5.jar:42.7.5]
	at com.zaxxer.hikari.util.DriverDataSource.getConnection(DriverDataSource.java:139) ~[HikariCP-6.3.0.jar:na]
	at com.zaxxer.hikari.pool.PoolBase.newConnection(PoolBase.java:368) ~[HikariCP-6.3.0.jar:na]
	at com.zaxxer.hikari.pool.PoolBase.newPoolEntry(PoolBase.java:205) ~[HikariCP-6.3.0.jar:na]
	at com.zaxxer.hikari.pool.HikariPool.createPoolEntry(HikariPool.java:483) ~[HikariCP-6.3.0.jar:na]
	at com.zaxxer.hikari.pool.HikariPool$PoolEntryCreator.call(HikariPool.java:747) ~[HikariCP-6.3.0.jar:na]
	at com.zaxxer.hikari.pool.HikariPool$PoolEntryCreator.call(HikariPool.java:726) ~[HikariCP-6.3.0.jar:na]
	at java.base/java.util.concurrent.FutureTask.run(FutureTask.java:317) ~[na:na]
	at java.base/java.util.concurrent.ThreadPoolExecutor.runWorker(ThreadPoolExecutor.java:1144) ~[na:na]
	at java.base/java.util.concurrent.ThreadPoolExecutor$Worker.run(ThreadPoolExecutor.java:642) ~[na:na]
	at java.base/java.lang.Thread.run(Thread.java:1583) ~[na:na]
Caused by: java.net.ConnectException: Connection refused: getsockopt
	at java.base/sun.nio.ch.Net.pollConnect(Native Method) ~[na:na]
	at java.base/sun.nio.ch.Net.pollConnectNow(Net.java:690) ~[na:na]
	at java.base/sun.nio.ch.NioSocketImpl.timedFinishConnect(NioSocketImpl.java:542) ~[na:na]
	at java.base/sun.nio.ch.NioSocketImpl.connect(NioSocketImpl.java:592) ~[na:na]
	at java.base/java.net.SocksSocketImpl.connect(SocksSocketImpl.java:327) ~[na:na]
	at java.base/java.net.Socket.connect(Socket.java:751) ~[na:na]
	at org.postgresql.core.PGStream.createSocket(PGStream.java:260) ~[postgresql-42.7.5.jar:42.7.5]
	at org.postgresql.core.PGStream.<init>(PGStream.java:121) ~[postgresql-42.7.5.jar:42.7.5]
	at org.postgresql.core.v3.ConnectionFactoryImpl.tryConnect(ConnectionFactoryImpl.java:140) ~[postgresql-42.7.5.jar:42.7.5]
	at org.postgresql.core.v3.ConnectionFactoryImpl.openConnectionImpl(ConnectionFactoryImpl.java:268) ~[postgresql-42.7.5.jar:42.7.5]
	... 14 common frames omitted

2026-08-26T18:04:13.260+02:00  WARN 1756 --- [onnection-adder] com.zaxxer.hikari.pool.PoolBase          : HikariPool-1 - Pool is empty, failed to create/setup connection (3e4263e8-5d6a-4c72-859d-eb393a26f943)

org.postgresql.util.PSQLException: Connection to localhost:5440 refused. Check that the hostname and port are correct and that the postmaster is accepting TCP/IP connections.
	at org.postgresql.core.v3.ConnectionFactoryImpl.openConnectionImpl(ConnectionFactoryImpl.java:352) ~[postgresql-42.7.5.jar:42.7.5]
	at org.postgresql.core.ConnectionFactory.openConnection(ConnectionFactory.java:54) ~[postgresql-42.7.5.jar:42.7.5]
	at org.postgresql.jdbc.PgConnection.<init>(PgConnection.java:273) ~[postgresql-42.7.5.jar:42.7.5]
	at org.postgresql.Driver.makeConnection(Driver.java:446) ~[postgresql-42.7.5.jar:42.7.5]
	at org.postgresql.Driver.connect(Driver.java:298) ~[postgresql-42.7.5.jar:42.7.5]
	at com.zaxxer.hikari.util.DriverDataSource.getConnection(DriverDataSource.java:139) ~[HikariCP-6.3.0.jar:na]
	at com.zaxxer.hikari.pool.PoolBase.newConnection(PoolBase.java:368) ~[HikariCP-6.3.0.jar:na]
	at com.zaxxer.hikari.pool.PoolBase.newPoolEntry(PoolBase.java:205) ~[HikariCP-6.3.0.jar:na]
	at com.zaxxer.hikari.pool.HikariPool.createPoolEntry(HikariPool.java:483) ~[HikariCP-6.3.0.jar:na]
	at com.zaxxer.hikari.pool.HikariPool$PoolEntryCreator.call(HikariPool.java:747) ~[HikariCP-6.3.0.jar:na]
	at com.zaxxer.hikari.pool.HikariPool$PoolEntryCreator.call(HikariPool.java:726) ~[HikariCP-6.3.0.jar:na]
	at java.base/java.util.concurrent.FutureTask.run(FutureTask.java:317) ~[na:na]
	at java.base/java.util.concurrent.ThreadPoolExecutor.runWorker(ThreadPoolExecutor.java:1144) ~[na:na]
	at java.base/java.util.concurrent.ThreadPoolExecutor$Worker.run(ThreadPoolExecutor.java:642) ~[na:na]
	at java.base/java.lang.Thread.run(Thread.java:1583) ~[na:na]
Caused by: java.net.ConnectException: Connection refused: getsockopt
	at java.base/sun.nio.ch.Net.pollConnect(Native Method) ~[na:na]
	at java.base/sun.nio.ch.Net.pollConnectNow(Net.java:690) ~[na:na]
	at java.base/sun.nio.ch.NioSocketImpl.timedFinishConnect(NioSocketImpl.java:542) ~[na:na]
	at java.base/sun.nio.ch.NioSocketImpl.connect(NioSocketImpl.java:592) ~[na:na]
	at java.base/java.net.SocksSocketImpl.connect(SocksSocketImpl.java:327) ~[na:na]
	at java.base/java.net.Socket.connect(Socket.java:751) ~[na:na]
	at org.postgresql.core.PGStream.createSocket(PGStream.java:260) ~[postgresql-42.7.5.jar:42.7.5]
	at org.postgresql.core.PGStream.<init>(PGStream.java:121) ~[postgresql-42.7.5.jar:42.7.5]
	at org.postgresql.core.v3.ConnectionFactoryImpl.tryConnect(ConnectionFactoryImpl.java:140) ~[postgresql-42.7.5.jar:42.7.5]
	at org.postgresql.core.v3.ConnectionFactoryImpl.openConnectionImpl(ConnectionFactoryImpl.java:268) ~[postgresql-42.7.5.jar:42.7.5]
	... 14 common frames omitted

2026-08-26T18:22:51.310+02:00  INFO 1756 --- [   File Watcher] rtingClassPathChangeChangedEventListener : Restarting due to 1 class path change (0 additions, 0 deletions, 1 modification)
2026-08-26T18:22:52.049+02:00  INFO 1756 --- [       Thread-5] o.s.b.w.e.tomcat.GracefulShutdown        : Commencing graceful shutdown. Waiting for active requests to complete
2026-08-26T18:22:52.260+02:00  INFO 1756 --- [tomcat-shutdown] o.s.b.w.e.tomcat.GracefulShutdown        : Graceful shutdown complete
2026-08-26T18:22:52.466+02:00  INFO 1756 --- [       Thread-5] j.LocalContainerEntityManagerFactoryBean : Closing JPA EntityManagerFactory for persistence unit 'default'
2026-08-26T18:22:52.890+02:00  INFO 1756 --- [       Thread-5] com.zaxxer.hikari.HikariDataSource       : HikariPool-1 - Shutdown initiated...
2026-08-26T18:22:52.999+02:00  INFO 1756 --- [       Thread-5] com.zaxxer.hikari.HikariDataSource       : HikariPool-1 - Shutdown completed.

  .   ____          _            __ _ _
 /\\ / ___'_ __ _ _(_)_ __  __ _ \ \ \ \
( ( )\___ | '_ | '_| | '_ \/ _` | \ \ \ \
 \\/  ___)| |_)| | | | | || (_| |  ) ) ) )
  '  |____| .__|_| |_|_| |_\__, | / / / /
 =========|_|==============|___/=/_/_/_/

 :: Spring Boot ::                (v3.5.0)

2026-08-26T18:22:56.796+02:00  INFO 1756 --- [  restartedMain] com.padell.padell.PadellApplication      : Starting PadellApplication using Java 21.0.9 with PID 1756 (C:\Users\user\Desktop\padellAou\target\classes started by user in C:\Users\user\Desktop\padellAou)
2026-08-26T18:22:56.799+02:00  INFO 1756 --- [  restartedMain] com.padell.padell.PadellApplication      : No active profile set, falling back to 1 default profile: "default"
2026-08-26T18:23:00.191+02:00  INFO 1756 --- [  restartedMain] .s.d.r.c.RepositoryConfigurationDelegate : Bootstrapping Spring Data JPA repositories in DEFAULT mode.
2026-08-26T18:23:00.494+02:00  INFO 1756 --- [  restartedMain] .s.d.r.c.RepositoryConfigurationDelegate : Finished Spring Data repository scanning in 297 ms. Found 9 JPA repository interfaces.
2026-08-26T18:23:01.557+02:00  INFO 1756 --- [  restartedMain] o.s.b.w.embedded.tomcat.TomcatWebServer  : Tomcat initialized with port 8082 (http)
2026-08-26T18:23:01.570+02:00  INFO 1756 --- [  restartedMain] o.apache.catalina.core.StandardService   : Starting service [Tomcat]
2026-08-26T18:23:01.572+02:00  INFO 1756 --- [  restartedMain] o.apache.catalina.core.StandardEngine    : Starting Servlet engine: [Apache Tomcat/10.1.41]
2026-08-26T18:23:01.716+02:00  INFO 1756 --- [  restartedMain] o.a.c.c.C.[Tomcat].[localhost].[/]       : Initializing Spring embedded WebApplicationContext
2026-08-26T18:23:01.717+02:00  INFO 1756 --- [  restartedMain] w.s.c.ServletWebServerApplicationContext : Root WebApplicationContext: initialization completed in 4839 ms
2026-08-26T18:23:02.243+02:00  INFO 1756 --- [  restartedMain] o.hibernate.jpa.internal.util.LogHelper  : HHH000204: Processing PersistenceUnitInfo [name: default]
2026-08-26T18:23:02.258+02:00  INFO 1756 --- [  restartedMain] o.h.c.internal.RegionFactoryInitiator    : HHH000026: Second-level cache disabled
2026-08-26T18:23:02.349+02:00  INFO 1756 --- [  restartedMain] o.s.o.j.p.SpringPersistenceUnitInfo      : No LoadTimeWeaver setup: ignoring JPA class transformer
2026-08-26T18:23:02.356+02:00  INFO 1756 --- [  restartedMain] com.zaxxer.hikari.HikariDataSource       : HikariPool-2 - Starting...
2026-08-26T18:23:03.303+02:00  INFO 1756 --- [  restartedMain] com.zaxxer.hikari.pool.HikariPool        : HikariPool-2 - Added connection conn0: url=jdbc:h2:mem:padelService user=SA
2026-08-26T18:23:03.311+02:00  INFO 1756 --- [  restartedMain] com.zaxxer.hikari.HikariDataSource       : HikariPool-2 - Start completed.
2026-08-26T18:23:03.371+02:00  INFO 1756 --- [  restartedMain] org.hibernate.orm.connections.pooling    : HHH10001005: Database info:
	Database JDBC URL [Connecting through datasource 'HikariDataSource (HikariPool-2)']
	Database driver: undefined/unknown
	Database version: 2.3.232
	Autocommit mode: undefined/unknown
	Isolation level: undefined/unknown
	Minimum pool size: undefined/unknown
	Maximum pool size: undefined/unknown
2026-08-26T18:23:05.544+02:00  INFO 1756 --- [  restartedMain] o.h.e.t.j.p.i.JtaPlatformInitiator       : HHH000489: No JTA platform available (set 'hibernate.transaction.jta.platform' to enable JTA platform integration)
Hibernate: create table administrateurs (id bigint generated by default as identity, created_at timestamp(6), updated_at timestamp(6), email varchar(255) not null, matricule varchar(255) not null, nom varchar(255) not null, password_hash varchar(255) not null, prenom varchar(255) not null, type_administrateur enum ('GLOBAL','SITE') not null, site_id bigint, primary key (id))
Hibernate: create table jours_fermeture (id bigint generated by default as identity, created_at timestamp(6), updated_at timestamp(6), date date not null, global boolean not null, raison varchar(255), site_id bigint, primary key (id))
Hibernate: create table matches (id bigint generated by default as identity, created_at timestamp(6), updated_at timestamp(6), date_conversion_public timestamp(6), date_debut timestamp(6) not null, date_fin timestamp(6) not null, nb_joueurs_actuels integer not null, prix_par_joueur float(53) not null, prix_total float(53) not null, statut enum ('ANNULE','COMPLET','PLANIFIE') not null, type_match enum ('PRIVE','PUBLIC') not null, organisateur_id bigint not null, terrain_id bigint not null, primary key (id))
Hibernate: create table membres (id bigint generated by default as identity, created_at timestamp(6), updated_at timestamp(6), email varchar(255), matricule varchar(255) not null, nom varchar(255) not null, password_hash varchar(255), prenom varchar(255) not null, solde float(53) not null, type_membre enum ('GLOBAL','LIBRE','SITE') not null, site_id bigint, primary key (id))
Hibernate: create table paiements (id bigint generated by default as identity, created_at timestamp(6), updated_at timestamp(6), date_paiement timestamp(6), montant float(53) not null, statut enum ('ANNULE','EN_ATTENTE','PAYE','REMBOURSE') not null, reservation_id bigint not null, primary key (id))
Hibernate: create table penalites (id bigint generated by default as identity, created_at timestamp(6), updated_at timestamp(6), date_fin date not null, motif varchar(255) not null, membre_id bigint not null, primary key (id))
Hibernate: create table reservations (id bigint generated by default as identity, created_at timestamp(6), updated_at timestamp(6), statut enum ('ANNULEE','CONFIRMEE','EN_ATTENTE') not null, match_id bigint not null, membre_id bigint not null, primary key (id))
Hibernate: create table sites (id bigint generated by default as identity, created_at timestamp(6), updated_at timestamp(6), adresse varchar(255) not null, annee_civile integer not null, duree_entre_match_minutes integer not null, duree_match_minutes integer not null, heure_fermeture time(6) not null, heure_ouverture time(6) not null, nom varchar(255) not null, primary key (id))
Hibernate: create table terrains (id bigint generated by default as identity, created_at timestamp(6), updated_at timestamp(6), nom varchar(255) not null, prix float(53), site_id bigint not null, primary key (id))
Hibernate: alter table if exists administrateurs drop constraint if exists UKr1iaf415f85f23nutrongmr1u
Hibernate: alter table if exists administrateurs add constraint UKr1iaf415f85f23nutrongmr1u unique (email)
Hibernate: alter table if exists administrateurs drop constraint if exists UK40abqftpe86xfg50xnsyq2rr3
Hibernate: alter table if exists administrateurs add constraint UK40abqftpe86xfg50xnsyq2rr3 unique (matricule)
Hibernate: alter table if exists membres drop constraint if exists UKaysyeearsg8u76jg67f09ylr5
Hibernate: alter table if exists membres add constraint UKaysyeearsg8u76jg67f09ylr5 unique (matricule)
Hibernate: alter table if exists paiements drop constraint if exists UK9erc027l2421nvu3rn1iadnn8
Hibernate: alter table if exists paiements add constraint UK9erc027l2421nvu3rn1iadnn8 unique (reservation_id)
Hibernate: alter table if exists administrateurs add constraint FK7kfwxjxdbks7cer7lk9yd7by0 foreign key (site_id) references sites
Hibernate: alter table if exists jours_fermeture add constraint FKd5spjn40i5nndf190wl6s4w8o foreign key (site_id) references sites
Hibernate: alter table if exists matches add constraint FK5nsv9apsic1u5ukuggy4xw2hw foreign key (organisateur_id) references membres
Hibernate: alter table if exists matches add constraint FK2g7i65cpak1o5epon5lilj0ss foreign key (terrain_id) references terrains
Hibernate: alter table if exists membres add constraint FKjmkrxndiv3ttjit34xm80lgyd foreign key (site_id) references sites
Hibernate: alter table if exists paiements add constraint FKfltqrkjfx0d0783ix49c1lmqe foreign key (reservation_id) references reservations
Hibernate: alter table if exists penalites add constraint FKsqkavdck7ot80kb0x15r6eyei foreign key (membre_id) references membres
Hibernate: alter table if exists reservations add constraint FKf8q1er2yaapcdty8l35xfveby foreign key (match_id) references matches
Hibernate: alter table if exists reservations add constraint FKbdao49frlnnci616m8n58o396 foreign key (membre_id) references membres
Hibernate: alter table if exists terrains add constraint FKeud14jm3xf8cvxg5gmchpmjwm foreign key (site_id) references sites
2026-08-26T18:23:05.846+02:00  INFO 1756 --- [  restartedMain] j.LocalContainerEntityManagerFactoryBean : Initialized JPA EntityManagerFactory for persistence unit 'default'
2026-08-26T18:23:11.909+02:00  INFO 1756 --- [  restartedMain] o.s.b.d.a.OptionalLiveReloadServer       : LiveReload server is running on port 35729
2026-08-26T18:23:11.955+02:00  INFO 1756 --- [  restartedMain] o.s.b.w.embedded.tomcat.TomcatWebServer  : Tomcat started on port 8082 (http) with context path '/'
2026-08-26T18:23:11.982+02:00  INFO 1756 --- [  restartedMain] com.padell.padell.PadellApplication      : Started PadellApplication in 16.636 seconds (process running for 3801.937)
Hibernate: select m1_0.id,m1_0.created_at,m1_0.email,m1_0.matricule,m1_0.nom,m1_0.password_hash,m1_0.prenom,s1_0.id,s1_0.adresse,s1_0.annee_civile,s1_0.created_at,s1_0.duree_entre_match_minutes,s1_0.duree_match_minutes,s1_0.heure_fermeture,s1_0.heure_ouverture,s1_0.nom,s1_0.updated_at,m1_0.solde,m1_0.type_membre,m1_0.updated_at from membres m1_0 left join sites s1_0 on s1_0.id=m1_0.site_id
Hibernate: select count(*) from sites s1_0
2026-08-26T18:23:12.059+02:00  INFO 1756 --- [  restartedMain] com.padell.padell.DataInitializer        : DataInitializer : initialisation de la base de donnees...
Hibernate: insert into sites (adresse,annee_civile,created_at,duree_entre_match_minutes,duree_match_minutes,heure_fermeture,heure_ouverture,nom,updated_at,id) values (?,?,?,?,?,?,?,?,?,default)
Hibernate: insert into sites (adresse,annee_civile,created_at,duree_entre_match_minutes,duree_match_minutes,heure_fermeture,heure_ouverture,nom,updated_at,id) values (?,?,?,?,?,?,?,?,?,default)
Hibernate: select count(*) from sites s1_0
2026-08-26T18:23:12.109+02:00  INFO 1756 --- [  restartedMain] com.padell.padell.DataInitializer        : DataInitializer : 2 sites crees
Hibernate: insert into terrains (created_at,nom,prix,site_id,updated_at,id) values (?,?,?,?,?,default)
Hibernate: insert into terrains (created_at,nom,prix,site_id,updated_at,id) values (?,?,?,?,?,default)
Hibernate: insert into terrains (created_at,nom,prix,site_id,updated_at,id) values (?,?,?,?,?,default)
Hibernate: insert into terrains (created_at,nom,prix,site_id,updated_at,id) values (?,?,?,?,?,default)
Hibernate: insert into terrains (created_at,nom,prix,site_id,updated_at,id) values (?,?,?,?,?,default)
Hibernate: select count(*) from terrains t1_0
2026-08-26T18:23:12.158+02:00  INFO 1756 --- [  restartedMain] com.padell.padell.DataInitializer        : DataInitializer : 5 terrains crees
Hibernate: insert into jours_fermeture (created_at,date,global,raison,site_id,updated_at,id) values (?,?,?,?,?,?,default)
Hibernate: insert into jours_fermeture (created_at,date,global,raison,site_id,updated_at,id) values (?,?,?,?,?,?,default)
Hibernate: insert into jours_fermeture (created_at,date,global,raison,site_id,updated_at,id) values (?,?,?,?,?,?,default)
2026-08-26T18:23:12.195+02:00  INFO 1756 --- [  restartedMain] com.padell.padell.DataInitializer        : DataInitializer : jours de fermeture crees
Hibernate: insert into membres (created_at,email,matricule,nom,password_hash,prenom,site_id,solde,type_membre,updated_at,id) values (?,?,?,?,?,?,?,?,?,?,default)
Hibernate: insert into membres (created_at,email,matricule,nom,password_hash,prenom,site_id,solde,type_membre,updated_at,id) values (?,?,?,?,?,?,?,?,?,?,default)
Hibernate: insert into membres (created_at,email,matricule,nom,password_hash,prenom,site_id,solde,type_membre,updated_at,id) values (?,?,?,?,?,?,?,?,?,?,default)
Hibernate: insert into membres (created_at,email,matricule,nom,password_hash,prenom,site_id,solde,type_membre,updated_at,id) values (?,?,?,?,?,?,?,?,?,?,default)
Hibernate: insert into membres (created_at,email,matricule,nom,password_hash,prenom,site_id,solde,type_membre,updated_at,id) values (?,?,?,?,?,?,?,?,?,?,default)
Hibernate: insert into membres (created_at,email,matricule,nom,password_hash,prenom,site_id,solde,type_membre,updated_at,id) values (?,?,?,?,?,?,?,?,?,?,default)
Hibernate: select count(*) from membres m1_0
2026-08-26T18:23:12.564+02:00  INFO 1756 --- [  restartedMain] com.padell.padell.DataInitializer        : DataInitializer : 6 membres crees
Hibernate: select p1_0.id from penalites p1_0 left join membres m1_0 on m1_0.id=p1_0.membre_id where m1_0.id=? and p1_0.date_fin>? fetch first ? rows only
Hibernate: insert into penalites (created_at,date_fin,membre_id,motif,updated_at,id) values (?,?,?,?,?,default)
Hibernate: insert into matches (created_at,date_conversion_public,date_debut,date_fin,nb_joueurs_actuels,organisateur_id,prix_par_joueur,prix_total,statut,terrain_id,type_match,updated_at,id) values (?,?,?,?,?,?,?,?,?,?,?,?,default)
Hibernate: insert into reservations (created_at,match_id,membre_id,statut,updated_at,id) values (?,?,?,?,?,default)
Hibernate: insert into paiements (created_at,date_paiement,montant,reservation_id,statut,updated_at,id) values (?,?,?,?,?,?,default)
Hibernate: insert into matches (created_at,date_conversion_public,date_debut,date_fin,nb_joueurs_actuels,organisateur_id,prix_par_joueur,prix_total,statut,terrain_id,type_match,updated_at,id) values (?,?,?,?,?,?,?,?,?,?,?,?,default)
Hibernate: insert into reservations (created_at,match_id,membre_id,statut,updated_at,id) values (?,?,?,?,?,default)
Hibernate: insert into paiements (created_at,date_paiement,montant,reservation_id,statut,updated_at,id) values (?,?,?,?,?,?,default)
Hibernate: insert into matches (created_at,date_conversion_public,date_debut,date_fin,nb_joueurs_actuels,organisateur_id,prix_par_joueur,prix_total,statut,terrain_id,type_match,updated_at,id) values (?,?,?,?,?,?,?,?,?,?,?,?,default)
Hibernate: insert into reservations (created_at,match_id,membre_id,statut,updated_at,id) values (?,?,?,?,?,default)
Hibernate: insert into paiements (created_at,date_paiement,montant,reservation_id,statut,updated_at,id) values (?,?,?,?,?,?,default)
Hibernate: insert into reservations (created_at,match_id,membre_id,statut,updated_at,id) values (?,?,?,?,?,default)
Hibernate: insert into paiements (created_at,date_paiement,montant,reservation_id,statut,updated_at,id) values (?,?,?,?,?,?,default)
Hibernate: insert into matches (created_at,date_conversion_public,date_debut,date_fin,nb_joueurs_actuels,organisateur_id,prix_par_joueur,prix_total,statut,terrain_id,type_match,updated_at,id) values (?,?,?,?,?,?,?,?,?,?,?,?,default)
Hibernate: insert into reservations (created_at,match_id,membre_id,statut,updated_at,id) values (?,?,?,?,?,default)
Hibernate: insert into paiements (created_at,date_paiement,montant,reservation_id,statut,updated_at,id) values (?,?,?,?,?,?,default)
Hibernate: insert into reservations (created_at,match_id,membre_id,statut,updated_at,id) values (?,?,?,?,?,default)
Hibernate: insert into paiements (created_at,date_paiement,montant,reservation_id,statut,updated_at,id) values (?,?,?,?,?,?,default)
Hibernate: insert into reservations (created_at,match_id,membre_id,statut,updated_at,id) values (?,?,?,?,?,default)
Hibernate: insert into paiements (created_at,date_paiement,montant,reservation_id,statut,updated_at,id) values (?,?,?,?,?,?,default)
Hibernate: insert into reservations (created_at,match_id,membre_id,statut,updated_at,id) values (?,?,?,?,?,default)
Hibernate: insert into paiements (created_at,date_paiement,montant,reservation_id,statut,updated_at,id) values (?,?,?,?,?,?,default)
Hibernate: select count(*) from matches m1_0
2026-08-26T18:23:12.873+02:00  INFO 1756 --- [  restartedMain] com.padell.padell.DataInitializer        : DataInitializer : 4 matchs crees
Hibernate: insert into administrateurs (created_at,email,matricule,nom,password_hash,prenom,site_id,type_administrateur,updated_at,id) values (?,?,?,?,?,?,?,?,?,default)
Hibernate: insert into administrateurs (created_at,email,matricule,nom,password_hash,prenom,site_id,type_administrateur,updated_at,id) values (?,?,?,?,?,?,?,?,?,default)
Hibernate: insert into administrateurs (created_at,email,matricule,nom,password_hash,prenom,site_id,type_administrateur,updated_at,id) values (?,?,?,?,?,?,?,?,?,default)
Hibernate: select count(*) from administrateurs a1_0
2026-08-26T18:23:13.555+02:00  INFO 1756 --- [  restartedMain] com.padell.padell.DataInitializer        : DataInitializer : 3 administrateurs crees
2026-08-26T18:23:13.556+02:00  INFO 1756 --- [  restartedMain] com.padell.padell.DataInitializer        : DataInitializer : initialisation terminee avec succes !
2026-08-26T18:23:13.560+02:00  INFO 1756 --- [  restartedMain] .ConditionEvaluationDeltaLoggingListener : Condition evaluation unchanged
2026-08-26T18:34:06.566+02:00  INFO 1756 --- [   File Watcher] rtingClassPathChangeChangedEventListener : Restarting due to 116 class path changes (0 additions, 115 deletions, 1 modification)
2026-08-26T18:34:06.711+02:00  INFO 1756 --- [       Thread-7] o.s.b.w.e.tomcat.GracefulShutdown        : Commencing graceful shutdown. Waiting for active requests to complete
2026-08-26T18:34:06.791+02:00  INFO 1756 --- [tomcat-shutdown] o.s.b.w.e.tomcat.GracefulShutdown        : Graceful shutdown complete
2026-08-26T18:34:06.818+02:00  INFO 1756 --- [       Thread-7] j.LocalContainerEntityManagerFactoryBean : Closing JPA EntityManagerFactory for persistence unit 'default'
2026-08-26T18:34:07.072+02:00  WARN 1756 --- [       Thread-7] o.s.b.f.support.DisposableBeanAdapter    : Invocation of destroy method failed on bean with name 'inMemoryDatabaseShutdownExecutor': org.h2.jdbc.JdbcSQLNonTransientConnectionException: La base de données est déjà fermée (pour désactiver la fermeture automatique à l'arrêt de la VM, ajoutez "; DB_CLOSE_ON_EXIT = FALSE" à l'URL db)
Database is already closed (to disable automatic closing at VM shutdown, add ";DB_CLOSE_ON_EXIT=FALSE" to the db URL) [90121-232]
2026-08-26T18:34:07.074+02:00  INFO 1756 --- [       Thread-7] com.zaxxer.hikari.HikariDataSource       : HikariPool-2 - Shutdown initiated...
2026-08-26T18:34:07.137+02:00  INFO 1756 --- [       Thread-7] com.zaxxer.hikari.HikariDataSource       : HikariPool-2 - Shutdown completed.

  .   ____          _            __ _ _
 /\\ / ___'_ __ _ _(_)_ __  __ _ \ \ \ \
( ( )\___ | '_ | '_| | '_ \/ _` | \ \ \ \
 \\/  ___)| |_)| | | | | || (_| |  ) ) ) )
  '  |____| .__|_| |_|_| |_\__, | / / / /
 =========|_|==============|___/=/_/_/_/

 :: Spring Boot ::                (v3.5.0)

2026-08-26T18:34:07.982+02:00  INFO 1756 --- [  restartedMain] com.padell.padell.PadellApplication      : Starting PadellApplication using Java 21.0.9 with PID 1756 (C:\Users\user\Desktop\padellAou\target\classes started by user in C:\Users\user\Desktop\padellAou)
2026-08-26T18:34:07.983+02:00  INFO 1756 --- [  restartedMain] com.padell.padell.PadellApplication      : No active profile set, falling back to 1 default profile: "default"
2026-08-26T18:34:10.431+02:00  INFO 1756 --- [  restartedMain] .s.d.r.c.RepositoryConfigurationDelegate : Bootstrapping Spring Data JPA repositories in DEFAULT mode.
2026-08-26T18:34:10.436+02:00  INFO 1756 --- [  restartedMain] .s.d.r.c.RepositoryConfigurationDelegate : Finished Spring Data repository scanning in 1 ms. Found 0 JPA repository interfaces.
2026-08-26T18:34:11.753+02:00  INFO 1756 --- [  restartedMain] o.s.b.w.embedded.tomcat.TomcatWebServer  : Tomcat initialized with port 8082 (http)
2026-08-26T18:34:11.766+02:00  INFO 1756 --- [  restartedMain] o.apache.catalina.core.StandardService   : Starting service [Tomcat]
2026-08-26T18:34:11.767+02:00  INFO 1756 --- [  restartedMain] o.apache.catalina.core.StandardEngine    : Starting Servlet engine: [Apache Tomcat/10.1.41]
2026-08-26T18:34:11.924+02:00  INFO 1756 --- [  restartedMain] o.a.c.c.C.[Tomcat].[localhost].[/]       : Initializing Spring embedded WebApplicationContext
2026-08-26T18:34:11.930+02:00  INFO 1756 --- [  restartedMain] w.s.c.ServletWebServerApplicationContext : Root WebApplicationContext: initialization completed in 3935 ms
2026-08-26T18:34:12.346+02:00  INFO 1756 --- [  restartedMain] o.hibernate.jpa.internal.util.LogHelper  : HHH000204: Processing PersistenceUnitInfo [name: default]
2026-08-26T18:34:12.358+02:00  INFO 1756 --- [  restartedMain] o.h.c.internal.RegionFactoryInitiator    : HHH000026: Second-level cache disabled
2026-08-26T18:34:12.398+02:00  INFO 1756 --- [  restartedMain] o.s.o.j.p.SpringPersistenceUnitInfo      : No LoadTimeWeaver setup: ignoring JPA class transformer
2026-08-26T18:34:12.408+02:00  INFO 1756 --- [  restartedMain] com.zaxxer.hikari.HikariDataSource       : HikariPool-3 - Starting...
2026-08-26T18:34:12.785+02:00  INFO 1756 --- [  restartedMain] com.zaxxer.hikari.pool.HikariPool        : HikariPool-3 - Added connection org.postgresql.jdbc.PgConnection@6f0b55d0
2026-08-26T18:34:12.786+02:00  INFO 1756 --- [  restartedMain] com.zaxxer.hikari.HikariDataSource       : HikariPool-3 - Start completed.
2026-08-26T18:34:13.236+02:00  INFO 1756 --- [  restartedMain] org.hibernate.orm.connections.pooling    : HHH10001005: Database info:
	Database JDBC URL [Connecting through datasource 'HikariDataSource (HikariPool-3)']
	Database driver: undefined/unknown
	Database version: 15.19
	Autocommit mode: undefined/unknown
	Isolation level: undefined/unknown
	Minimum pool size: undefined/unknown
	Maximum pool size: undefined/unknown
2026-08-26T18:34:13.333+02:00  INFO 1756 --- [  restartedMain] o.h.e.t.j.p.i.JtaPlatformInitiator       : HHH000489: No JTA platform available (set 'hibernate.transaction.jta.platform' to enable JTA platform integration)
2026-08-26T18:34:13.342+02:00  INFO 1756 --- [  restartedMain] j.LocalContainerEntityManagerFactoryBean : Initialized JPA EntityManagerFactory for persistence unit 'default'
2026-08-26T18:34:15.148+02:00  INFO 1756 --- [  restartedMain] o.s.b.a.h2.H2ConsoleAutoConfiguration    : H2 console available at '/h2-console'. Database available at 'jdbc:postgresql://localhost:5440/padelService'
2026-08-26T18:34:15.442+02:00  WARN 1756 --- [  restartedMain] .s.s.UserDetailsServiceAutoConfiguration : 

Using generated security password: addb3853-9877-42e6-9bb0-56912cc284e8

This generated password is for development use only. Your security configuration must be updated before running your application in production.

2026-08-26T18:34:15.494+02:00  INFO 1756 --- [  restartedMain] r$InitializeUserDetailsManagerConfigurer : Global AuthenticationManager configured with UserDetailsService bean with name inMemoryUserDetailsManager
2026-08-26T18:34:15.968+02:00  INFO 1756 --- [  restartedMain] o.s.b.d.a.OptionalLiveReloadServer       : LiveReload server is running on port 35729
2026-08-26T18:34:16.016+02:00  INFO 1756 --- [  restartedMain] o.s.b.w.embedded.tomcat.TomcatWebServer  : Tomcat started on port 8082 (http) with context path '/'
2026-08-26T18:34:16.028+02:00  INFO 1756 --- [  restartedMain] com.padell.padell.PadellApplication      : Started PadellApplication in 8.381 seconds (process running for 4465.982)
2026-08-26T18:34:16.040+02:00  INFO 1756 --- [  restartedMain] .ConditionEvaluationDeltaLoggingListener : Condition evaluation delta:


==========================
CONDITION EVALUATION DELTA
==========================


Positive matches:
-----------------

   H2ConsoleAutoConfiguration matched:
      - @ConditionalOnClass found required class 'org.h2.server.web.JakartaWebServlet' (OnClassCondition)
      - found 'session' scope (OnWebApplicationCondition)
      - @ConditionalOnBooleanProperty (spring.h2.console.enabled=true) matched (OnPropertyCondition)

   SpringBootWebSecurityConfiguration.SecurityFilterChainConfiguration matched:
      - AllNestedConditions 2 matched 0 did not; NestedCondition on DefaultWebSecurityCondition.Beans @ConditionalOnMissingBean (types: org.springframework.security.web.SecurityFilterChain; SearchStrategy: all) did not find any beans; NestedCondition on DefaultWebSecurityCondition.Classes @ConditionalOnClass found required classes 'org.springframework.security.web.SecurityFilterChain', 'org.springframework.security.config.annotation.web.builders.HttpSecurity' (DefaultWebSecurityCondition)

   SpringBootWebSecurityConfiguration.WebSecurityEnablerConfiguration matched:
      - @ConditionalOnClass found required class 'org.springframework.security.config.annotation.web.configuration.EnableWebSecurity' (OnClassCondition)
      - @ConditionalOnMissingBean (names: springSecurityFilterChain; SearchStrategy: all) did not find any beans (OnBeanCondition)

   UserDetailsServiceAutoConfiguration matched:
      - @ConditionalOnClass found required class 'org.springframework.security.authentication.AuthenticationManager' (OnClassCondition)
      - found 'session' scope (OnWebApplicationCondition)
      - AnyNestedCondition 1 matched 2 did not; NestedCondition on UserDetailsServiceAutoConfiguration.MissingAlternativeOrUserPropertiesConfigured.PasswordConfigured @ConditionalOnProperty (spring.security.user.password) did not find property 'spring.security.user.password'; NestedCondition on UserDetailsServiceAutoConfiguration.MissingAlternativeOrUserPropertiesConfigured.NameConfigured @ConditionalOnProperty (spring.security.user.name) did not find property 'spring.security.user.name'; NestedCondition on UserDetailsServiceAutoConfiguration.MissingAlternativeOrUserPropertiesConfigured.MissingAlternative @ConditionalOnMissingClass did not find unwanted classes 'org.springframework.security.oauth2.client.registration.ClientRegistrationRepository', 'org.springframework.security.oauth2.server.resource.introspection.OpaqueTokenIntrospector', 'org.springframework.security.saml2.provider.service.registration.RelyingPartyRegistrationRepository' (UserDetailsServiceAutoConfiguration.MissingAlternativeOrUserPropertiesConfigured)
      - @ConditionalOnBean (types: org.springframework.security.config.ObjectPostProcessor; SearchStrategy: all) found beans 'objectPostProcessor', 'webAuthorizationManagerPostProcessor', 'filterChainDecoratorPostProcessor', 'authenticationManagerPostProcessor'; @ConditionalOnMissingBean (types: org.springframework.security.authentication.AuthenticationManager,org.springframework.security.authentication.AuthenticationProvider,org.springframework.security.core.userdetails.UserDetailsService,org.springframework.security.authentication.AuthenticationManagerResolver,?; SearchStrategy: all) did not find any beans (OnBeanCondition)


Negative matches:
-----------------

    None


Exclusions:
-----------

    None


Unconditional classes:
----------------------

    None



2026-08-26T18:34:31.048+02:00  INFO 1756 --- [   File Watcher] rtingClassPathChangeChangedEventListener : Restarting due to 115 class path changes (115 additions, 0 deletions, 0 modifications)
2026-08-26T18:34:31.278+02:00  INFO 1756 --- [      Thread-11] o.s.b.w.e.tomcat.GracefulShutdown        : Commencing graceful shutdown. Waiting for active requests to complete
2026-08-26T18:34:31.381+02:00  INFO 1756 --- [tomcat-shutdown] o.s.b.w.e.tomcat.GracefulShutdown        : Graceful shutdown complete
2026-08-26T18:34:31.386+02:00  INFO 1756 --- [      Thread-11] j.LocalContainerEntityManagerFactoryBean : Closing JPA EntityManagerFactory for persistence unit 'default'
2026-08-26T18:34:31.390+02:00  INFO 1756 --- [      Thread-11] com.zaxxer.hikari.HikariDataSource       : HikariPool-3 - Shutdown initiated...
2026-08-26T18:34:31.495+02:00  INFO 1756 --- [      Thread-11] com.zaxxer.hikari.HikariDataSource       : HikariPool-3 - Shutdown completed.

  .   ____          _            __ _ _
 /\\ / ___'_ __ _ _(_)_ __  __ _ \ \ \ \
( ( )\___ | '_ | '_| | '_ \/ _` | \ \ \ \
 \\/  ___)| |_)| | | | | || (_| |  ) ) ) )
  '  |____| .__|_| |_|_| |_\__, | / / / /
 =========|_|==============|___/=/_/_/_/

 :: Spring Boot ::                (v3.5.0)

2026-08-26T18:34:32.240+02:00  INFO 1756 --- [  restartedMain] com.padell.padell.PadellApplication      : Starting PadellApplication using Java 21.0.9 with PID 1756 (C:\Users\user\Desktop\padellAou\target\classes started by user in C:\Users\user\Desktop\padellAou)
2026-08-26T18:34:32.241+02:00  INFO 1756 --- [  restartedMain] com.padell.padell.PadellApplication      : No active profile set, falling back to 1 default profile: "default"
2026-08-26T18:34:34.966+02:00  INFO 1756 --- [  restartedMain] .s.d.r.c.RepositoryConfigurationDelegate : Bootstrapping Spring Data JPA repositories in DEFAULT mode.
2026-08-26T18:34:35.134+02:00  INFO 1756 --- [  restartedMain] .s.d.r.c.RepositoryConfigurationDelegate : Finished Spring Data repository scanning in 158 ms. Found 9 JPA repository interfaces.
2026-08-26T18:34:35.874+02:00  INFO 1756 --- [  restartedMain] o.s.b.w.embedded.tomcat.TomcatWebServer  : Tomcat initialized with port 8082 (http)
2026-08-26T18:34:35.876+02:00  INFO 1756 --- [  restartedMain] o.apache.catalina.core.StandardService   : Starting service [Tomcat]
2026-08-26T18:34:35.877+02:00  INFO 1756 --- [  restartedMain] o.apache.catalina.core.StandardEngine    : Starting Servlet engine: [Apache Tomcat/10.1.41]
2026-08-26T18:34:35.946+02:00  INFO 1756 --- [  restartedMain] o.a.c.c.C.[Tomcat].[localhost].[/]       : Initializing Spring embedded WebApplicationContext
2026-08-26T18:34:35.962+02:00  INFO 1756 --- [  restartedMain] w.s.c.ServletWebServerApplicationContext : Root WebApplicationContext: initialization completed in 3716 ms
2026-08-26T18:34:36.879+02:00  INFO 1756 --- [  restartedMain] o.hibernate.jpa.internal.util.LogHelper  : HHH000204: Processing PersistenceUnitInfo [name: default]
2026-08-26T18:34:36.895+02:00  INFO 1756 --- [  restartedMain] o.h.c.internal.RegionFactoryInitiator    : HHH000026: Second-level cache disabled
2026-08-26T18:34:36.930+02:00  INFO 1756 --- [  restartedMain] o.s.o.j.p.SpringPersistenceUnitInfo      : No LoadTimeWeaver setup: ignoring JPA class transformer
2026-08-26T18:34:36.934+02:00  INFO 1756 --- [  restartedMain] com.zaxxer.hikari.HikariDataSource       : HikariPool-4 - Starting...
2026-08-26T18:34:37.766+02:00  INFO 1756 --- [  restartedMain] com.zaxxer.hikari.pool.HikariPool        : HikariPool-4 - Added connection org.postgresql.jdbc.PgConnection@50ed6078
2026-08-26T18:34:37.767+02:00  INFO 1756 --- [  restartedMain] com.zaxxer.hikari.HikariDataSource       : HikariPool-4 - Start completed.
2026-08-26T18:34:37.960+02:00  INFO 1756 --- [  restartedMain] org.hibernate.orm.connections.pooling    : HHH10001005: Database info:
	Database JDBC URL [Connecting through datasource 'HikariDataSource (HikariPool-4)']
	Database driver: undefined/unknown
	Database version: 15.19
	Autocommit mode: undefined/unknown
	Isolation level: undefined/unknown
	Minimum pool size: undefined/unknown
	Maximum pool size: undefined/unknown
2026-08-26T18:34:41.281+02:00  INFO 1756 --- [  restartedMain] o.h.e.t.j.p.i.JtaPlatformInitiator       : HHH000489: No JTA platform available (set 'hibernate.transaction.jta.platform' to enable JTA platform integration)
2026-08-26T18:34:51.389+02:00  INFO 1756 --- [  restartedMain] j.LocalContainerEntityManagerFactoryBean : Initialized JPA EntityManagerFactory for persistence unit 'default'
2026-08-26T18:34:55.480+02:00  INFO 1756 --- [  restartedMain] o.s.b.a.h2.H2ConsoleAutoConfiguration    : H2 console available at '/h2-console'. Database available at 'jdbc:postgresql://localhost:5440/padelService'
2026-08-26T18:34:55.647+02:00  INFO 1756 --- [  restartedMain] o.s.b.d.a.OptionalLiveReloadServer       : LiveReload server is running on port 35729
2026-08-26T18:34:55.682+02:00  INFO 1756 --- [  restartedMain] o.s.b.w.embedded.tomcat.TomcatWebServer  : Tomcat started on port 8082 (http) with context path '/'
2026-08-26T18:34:55.695+02:00  INFO 1756 --- [  restartedMain] com.padell.padell.PadellApplication      : Started PadellApplication in 23.651 seconds (process running for 4505.651)
Hibernate: select m1_0.id,m1_0.created_at,m1_0.email,m1_0.matricule,m1_0.nom,m1_0.password_hash,m1_0.prenom,s1_0.id,s1_0.adresse,s1_0.annee_civile,s1_0.created_at,s1_0.duree_entre_match_minutes,s1_0.duree_match_minutes,s1_0.heure_fermeture,s1_0.heure_ouverture,s1_0.nom,s1_0.updated_at,m1_0.solde,m1_0.type_membre,m1_0.updated_at from membres m1_0 left join sites s1_0 on s1_0.id=m1_0.site_id
Hibernate: select count(*) from sites s1_0
Hibernate: select count(*) from matches m1_0
Hibernate: select m1_0.id,m1_0.created_at,m1_0.email,m1_0.matricule,m1_0.nom,m1_0.password_hash,m1_0.prenom,s1_0.id,s1_0.adresse,s1_0.annee_civile,s1_0.created_at,s1_0.duree_entre_match_minutes,s1_0.duree_match_minutes,s1_0.heure_fermeture,s1_0.heure_ouverture,s1_0.nom,s1_0.updated_at,m1_0.solde,m1_0.type_membre,m1_0.updated_at from membres m1_0 left join sites s1_0 on s1_0.id=m1_0.site_id where upper(m1_0.matricule)=upper(?)
Hibernate: select p1_0.id from penalites p1_0 left join membres m1_0 on m1_0.id=p1_0.membre_id where m1_0.id=? and p1_0.date_fin>? fetch first ? rows only
Hibernate: select m1_0.id,m1_0.created_at,m1_0.email,m1_0.matricule,m1_0.nom,m1_0.password_hash,m1_0.prenom,s1_0.id,s1_0.adresse,s1_0.annee_civile,s1_0.created_at,s1_0.duree_entre_match_minutes,s1_0.duree_match_minutes,s1_0.heure_fermeture,s1_0.heure_ouverture,s1_0.nom,s1_0.updated_at,m1_0.solde,m1_0.type_membre,m1_0.updated_at from membres m1_0 left join sites s1_0 on s1_0.id=m1_0.site_id where upper(m1_0.matricule)=upper(?)
Hibernate: select m1_0.id,m1_0.created_at,m1_0.email,mo1_0.organisateur_id,mo1_0.id,mo1_0.created_at,mo1_0.date_conversion_public,mo1_0.date_debut,mo1_0.date_fin,mo1_0.nb_joueurs_actuels,mo1_0.prix_par_joueur,mo1_0.prix_total,mo1_0.statut,mo1_0.terrain_id,mo1_0.type_match,mo1_0.updated_at,m1_0.matricule,m1_0.nom,m1_0.password_hash,m1_0.prenom,m1_0.site_id,m1_0.solde,m1_0.type_membre,m1_0.updated_at from membres m1_0 left join matches mo1_0 on m1_0.id=mo1_0.organisateur_id where m1_0.id=?
Hibernate: select r1_0.match_id,r1_0.id,r1_0.created_at,r1_0.membre_id,p1_0.id,p1_0.created_at,p1_0.date_paiement,p1_0.montant,p1_0.reservation_id,p1_0.statut,p1_0.updated_at,r1_0.statut,r1_0.updated_at from reservations r1_0 left join paiements p1_0 on r1_0.id=p1_0.reservation_id where r1_0.match_id=?
Hibernate: select r1_0.membre_id,r1_0.id,r1_0.created_at,r1_0.match_id,p1_0.id,p1_0.created_at,p1_0.date_paiement,p1_0.montant,p1_0.reservation_id,p1_0.statut,p1_0.updated_at,r1_0.statut,r1_0.updated_at from reservations r1_0 left join paiements p1_0 on r1_0.id=p1_0.reservation_id where r1_0.membre_id=?
Hibernate: select p1_0.membre_id,p1_0.id,p1_0.created_at,p1_0.date_fin,p1_0.motif,p1_0.updated_at from penalites p1_0 where p1_0.membre_id=?
Hibernate: select r1_0.match_id,r1_0.id,r1_0.created_at,r1_0.membre_id,p1_0.id,p1_0.created_at,p1_0.date_paiement,p1_0.montant,p1_0.reservation_id,p1_0.statut,p1_0.updated_at,r1_0.statut,r1_0.updated_at from reservations r1_0 left join paiements p1_0 on r1_0.id=p1_0.reservation_id where r1_0.match_id=?
Hibernate: update membres set email=?,matricule=?,nom=?,password_hash=?,prenom=?,site_id=?,solde=?,type_membre=?,updated_at=? where id=?
Hibernate: select m1_0.id,m1_0.created_at,m1_0.email,m1_0.matricule,m1_0.nom,m1_0.password_hash,m1_0.prenom,s1_0.id,s1_0.adresse,s1_0.annee_civile,s1_0.created_at,s1_0.duree_entre_match_minutes,s1_0.duree_match_minutes,s1_0.heure_fermeture,s1_0.heure_ouverture,s1_0.nom,s1_0.updated_at,m1_0.solde,m1_0.type_membre,m1_0.updated_at from membres m1_0 left join sites s1_0 on s1_0.id=m1_0.site_id where upper(m1_0.matricule)=upper(?)
Hibernate: select m1_0.id,m1_0.created_at,m1_0.email,mo1_0.organisateur_id,mo1_0.id,mo1_0.created_at,mo1_0.date_conversion_public,mo1_0.date_debut,mo1_0.date_fin,mo1_0.nb_joueurs_actuels,mo1_0.prix_par_joueur,mo1_0.prix_total,mo1_0.statut,mo1_0.terrain_id,mo1_0.type_match,mo1_0.updated_at,m1_0.matricule,m1_0.nom,m1_0.password_hash,m1_0.prenom,m1_0.site_id,m1_0.solde,m1_0.type_membre,m1_0.updated_at from membres m1_0 left join matches mo1_0 on m1_0.id=mo1_0.organisateur_id where m1_0.id=?
Hibernate: select r1_0.membre_id,r1_0.id,r1_0.created_at,r1_0.match_id,p1_0.id,p1_0.created_at,p1_0.date_paiement,p1_0.montant,p1_0.reservation_id,p1_0.statut,p1_0.updated_at,r1_0.statut,r1_0.updated_at from reservations r1_0 left join paiements p1_0 on r1_0.id=p1_0.reservation_id where r1_0.membre_id=?
Hibernate: select p1_0.membre_id,p1_0.id,p1_0.created_at,p1_0.date_fin,p1_0.motif,p1_0.updated_at from penalites p1_0 where p1_0.membre_id=?
Hibernate: update membres set email=?,matricule=?,nom=?,password_hash=?,prenom=?,site_id=?,solde=?,type_membre=?,updated_at=? where id=?
Hibernate: select m1_0.id,m1_0.created_at,m1_0.email,m1_0.matricule,m1_0.nom,m1_0.password_hash,m1_0.prenom,s1_0.id,s1_0.adresse,s1_0.annee_civile,s1_0.created_at,s1_0.duree_entre_match_minutes,s1_0.duree_match_minutes,s1_0.heure_fermeture,s1_0.heure_ouverture,s1_0.nom,s1_0.updated_at,m1_0.solde,m1_0.type_membre,m1_0.updated_at from membres m1_0 left join sites s1_0 on s1_0.id=m1_0.site_id where upper(m1_0.matricule)=upper(?)
Hibernate: select m1_0.id,m1_0.created_at,m1_0.email,mo1_0.organisateur_id,mo1_0.id,mo1_0.created_at,mo1_0.date_conversion_public,mo1_0.date_debut,mo1_0.date_fin,mo1_0.nb_joueurs_actuels,mo1_0.prix_par_joueur,mo1_0.prix_total,mo1_0.statut,mo1_0.terrain_id,mo1_0.type_match,mo1_0.updated_at,m1_0.matricule,m1_0.nom,m1_0.password_hash,m1_0.prenom,m1_0.site_id,m1_0.solde,m1_0.type_membre,m1_0.updated_at from membres m1_0 left join matches mo1_0 on m1_0.id=mo1_0.organisateur_id where m1_0.id=?
Hibernate: select r1_0.membre_id,r1_0.id,r1_0.created_at,r1_0.match_id,p1_0.id,p1_0.created_at,p1_0.date_paiement,p1_0.montant,p1_0.reservation_id,p1_0.statut,p1_0.updated_at,r1_0.statut,r1_0.updated_at from reservations r1_0 left join paiements p1_0 on r1_0.id=p1_0.reservation_id where r1_0.membre_id=?
Hibernate: select p1_0.membre_id,p1_0.id,p1_0.created_at,p1_0.date_fin,p1_0.motif,p1_0.updated_at from penalites p1_0 where p1_0.membre_id=?
Hibernate: select r1_0.match_id,r1_0.id,r1_0.created_at,r1_0.membre_id,p1_0.id,p1_0.created_at,p1_0.date_paiement,p1_0.montant,p1_0.reservation_id,p1_0.statut,p1_0.updated_at,r1_0.statut,r1_0.updated_at from reservations r1_0 left join paiements p1_0 on r1_0.id=p1_0.reservation_id where r1_0.match_id=?
Hibernate: update membres set email=?,matricule=?,nom=?,password_hash=?,prenom=?,site_id=?,solde=?,type_membre=?,updated_at=? where id=?
Hibernate: select m1_0.id,m1_0.created_at,m1_0.email,m1_0.matricule,m1_0.nom,m1_0.password_hash,m1_0.prenom,s1_0.id,s1_0.adresse,s1_0.annee_civile,s1_0.created_at,s1_0.duree_entre_match_minutes,s1_0.duree_match_minutes,s1_0.heure_fermeture,s1_0.heure_ouverture,s1_0.nom,s1_0.updated_at,m1_0.solde,m1_0.type_membre,m1_0.updated_at from membres m1_0 left join sites s1_0 on s1_0.id=m1_0.site_id where upper(m1_0.matricule)=upper(?)
Hibernate: select m1_0.id,m1_0.created_at,m1_0.email,mo1_0.organisateur_id,mo1_0.id,mo1_0.created_at,mo1_0.date_conversion_public,mo1_0.date_debut,mo1_0.date_fin,mo1_0.nb_joueurs_actuels,mo1_0.prix_par_joueur,mo1_0.prix_total,mo1_0.statut,mo1_0.terrain_id,mo1_0.type_match,mo1_0.updated_at,m1_0.matricule,m1_0.nom,m1_0.password_hash,m1_0.prenom,m1_0.site_id,m1_0.solde,m1_0.type_membre,m1_0.updated_at from membres m1_0 left join matches mo1_0 on m1_0.id=mo1_0.organisateur_id where m1_0.id=?
Hibernate: select r1_0.membre_id,r1_0.id,r1_0.created_at,r1_0.match_id,p1_0.id,p1_0.created_at,p1_0.date_paiement,p1_0.montant,p1_0.reservation_id,p1_0.statut,p1_0.updated_at,r1_0.statut,r1_0.updated_at from reservations r1_0 left join paiements p1_0 on r1_0.id=p1_0.reservation_id where r1_0.membre_id=?
Hibernate: select p1_0.membre_id,p1_0.id,p1_0.created_at,p1_0.date_fin,p1_0.motif,p1_0.updated_at from penalites p1_0 where p1_0.membre_id=?
Hibernate: select r1_0.match_id,r1_0.id,r1_0.created_at,r1_0.membre_id,p1_0.id,p1_0.created_at,p1_0.date_paiement,p1_0.montant,p1_0.reservation_id,p1_0.statut,p1_0.updated_at,r1_0.statut,r1_0.updated_at from reservations r1_0 left join paiements p1_0 on r1_0.id=p1_0.reservation_id where r1_0.match_id=?
Hibernate: update membres set email=?,matricule=?,nom=?,password_hash=?,prenom=?,site_id=?,solde=?,type_membre=?,updated_at=? where id=?
Hibernate: select m1_0.id,m1_0.created_at,m1_0.email,m1_0.matricule,m1_0.nom,m1_0.password_hash,m1_0.prenom,s1_0.id,s1_0.adresse,s1_0.annee_civile,s1_0.created_at,s1_0.duree_entre_match_minutes,s1_0.duree_match_minutes,s1_0.heure_fermeture,s1_0.heure_ouverture,s1_0.nom,s1_0.updated_at,m1_0.solde,m1_0.type_membre,m1_0.updated_at from membres m1_0 left join sites s1_0 on s1_0.id=m1_0.site_id where upper(m1_0.matricule)=upper(?)
Hibernate: select m1_0.id,m1_0.created_at,m1_0.email,mo1_0.organisateur_id,mo1_0.id,mo1_0.created_at,mo1_0.date_conversion_public,mo1_0.date_debut,mo1_0.date_fin,mo1_0.nb_joueurs_actuels,mo1_0.prix_par_joueur,mo1_0.prix_total,mo1_0.statut,mo1_0.terrain_id,mo1_0.type_match,mo1_0.updated_at,m1_0.matricule,m1_0.nom,m1_0.password_hash,m1_0.prenom,m1_0.site_id,m1_0.solde,m1_0.type_membre,m1_0.updated_at from membres m1_0 left join matches mo1_0 on m1_0.id=mo1_0.organisateur_id where m1_0.id=?
Hibernate: select r1_0.membre_id,r1_0.id,r1_0.created_at,r1_0.match_id,p1_0.id,p1_0.created_at,p1_0.date_paiement,p1_0.montant,p1_0.reservation_id,p1_0.statut,p1_0.updated_at,r1_0.statut,r1_0.updated_at from reservations r1_0 left join paiements p1_0 on r1_0.id=p1_0.reservation_id where r1_0.membre_id=?
Hibernate: select p1_0.membre_id,p1_0.id,p1_0.created_at,p1_0.date_fin,p1_0.motif,p1_0.updated_at from penalites p1_0 where p1_0.membre_id=?
Hibernate: select r1_0.match_id,r1_0.id,r1_0.created_at,r1_0.membre_id,p1_0.id,p1_0.created_at,p1_0.date_paiement,p1_0.montant,p1_0.reservation_id,p1_0.statut,p1_0.updated_at,r1_0.statut,r1_0.updated_at from reservations r1_0 left join paiements p1_0 on r1_0.id=p1_0.reservation_id where r1_0.match_id=?
Hibernate: update membres set email=?,matricule=?,nom=?,password_hash=?,prenom=?,site_id=?,solde=?,type_membre=?,updated_at=? where id=?
Hibernate: select m1_0.id,m1_0.created_at,m1_0.email,m1_0.matricule,m1_0.nom,m1_0.password_hash,m1_0.prenom,s1_0.id,s1_0.adresse,s1_0.annee_civile,s1_0.created_at,s1_0.duree_entre_match_minutes,s1_0.duree_match_minutes,s1_0.heure_fermeture,s1_0.heure_ouverture,s1_0.nom,s1_0.updated_at,m1_0.solde,m1_0.type_membre,m1_0.updated_at from membres m1_0 left join sites s1_0 on s1_0.id=m1_0.site_id where upper(m1_0.matricule)=upper(?)
Hibernate: select m1_0.id,m1_0.created_at,m1_0.email,mo1_0.organisateur_id,mo1_0.id,mo1_0.created_at,mo1_0.date_conversion_public,mo1_0.date_debut,mo1_0.date_fin,mo1_0.nb_joueurs_actuels,mo1_0.prix_par_joueur,mo1_0.prix_total,mo1_0.statut,mo1_0.terrain_id,mo1_0.type_match,mo1_0.updated_at,m1_0.matricule,m1_0.nom,m1_0.password_hash,m1_0.prenom,m1_0.site_id,m1_0.solde,m1_0.type_membre,m1_0.updated_at from membres m1_0 left join matches mo1_0 on m1_0.id=mo1_0.organisateur_id where m1_0.id=?
Hibernate: select r1_0.membre_id,r1_0.id,r1_0.created_at,r1_0.match_id,p1_0.id,p1_0.created_at,p1_0.date_paiement,p1_0.montant,p1_0.reservation_id,p1_0.statut,p1_0.updated_at,r1_0.statut,r1_0.updated_at from reservations r1_0 left join paiements p1_0 on r1_0.id=p1_0.reservation_id where r1_0.membre_id=?
Hibernate: select p1_0.membre_id,p1_0.id,p1_0.created_at,p1_0.date_fin,p1_0.motif,p1_0.updated_at from penalites p1_0 where p1_0.membre_id=?
Hibernate: update membres set email=?,matricule=?,nom=?,password_hash=?,prenom=?,site_id=?,solde=?,type_membre=?,updated_at=? where id=?
Hibernate: select a1_0.id,a1_0.created_at,a1_0.email,a1_0.matricule,a1_0.nom,a1_0.password_hash,a1_0.prenom,a1_0.site_id,a1_0.type_administrateur,a1_0.updated_at from administrateurs a1_0 where a1_0.email=?
Hibernate: select a1_0.id,a1_0.created_at,a1_0.email,a1_0.matricule,a1_0.nom,a1_0.password_hash,a1_0.prenom,a1_0.site_id,a1_0.type_administrateur,a1_0.updated_at from administrateurs a1_0 where a1_0.id=?
Hibernate: update administrateurs set email=?,matricule=?,nom=?,password_hash=?,prenom=?,site_id=?,type_administrateur=?,updated_at=? where id=?
Hibernate: select a1_0.id,a1_0.created_at,a1_0.email,a1_0.matricule,a1_0.nom,a1_0.password_hash,a1_0.prenom,a1_0.site_id,a1_0.type_administrateur,a1_0.updated_at from administrateurs a1_0 where a1_0.email=?
Hibernate: select a1_0.id,a1_0.created_at,a1_0.email,a1_0.matricule,a1_0.nom,a1_0.password_hash,a1_0.prenom,a1_0.site_id,a1_0.type_administrateur,a1_0.updated_at from administrateurs a1_0 where a1_0.id=?
Hibernate: update administrateurs set email=?,matricule=?,nom=?,password_hash=?,prenom=?,site_id=?,type_administrateur=?,updated_at=? where id=?
Hibernate: select a1_0.id,a1_0.created_at,a1_0.email,a1_0.matricule,a1_0.nom,a1_0.password_hash,a1_0.prenom,a1_0.site_id,a1_0.type_administrateur,a1_0.updated_at from administrateurs a1_0 where a1_0.email=?
Hibernate: select a1_0.id,a1_0.created_at,a1_0.email,a1_0.matricule,a1_0.nom,a1_0.password_hash,a1_0.prenom,a1_0.site_id,a1_0.type_administrateur,a1_0.updated_at from administrateurs a1_0 where a1_0.id=?
Hibernate: update administrateurs set email=?,matricule=?,nom=?,password_hash=?,prenom=?,site_id=?,type_administrateur=?,updated_at=? where id=?
2026-08-26T18:34:59.562+02:00  INFO 1756 --- [  restartedMain] com.padell.padell.DataInitializer        : DataInitializer : base de donnees deja initialisee, initialisation ignoree...
2026-08-26T18:34:59.566+02:00  INFO 1756 --- [  restartedMain] .ConditionEvaluationDeltaLoggingListener : Condition evaluation delta:


==========================
CONDITION EVALUATION DELTA
==========================


Positive matches:
-----------------

    None


Negative matches:
-----------------

   SpringBootWebSecurityConfiguration.SecurityFilterChainConfiguration:
      Did not match:
         - AllNestedConditions 1 matched 1 did not; NestedCondition on DefaultWebSecurityCondition.Beans @ConditionalOnMissingBean (types: org.springframework.security.web.SecurityFilterChain; SearchStrategy: all) found beans of type 'org.springframework.security.web.SecurityFilterChain' filterChain; NestedCondition on DefaultWebSecurityCondition.Classes @ConditionalOnClass found required classes 'org.springframework.security.web.SecurityFilterChain', 'org.springframework.security.config.annotation.web.builders.HttpSecurity' (DefaultWebSecurityCondition)

   SpringBootWebSecurityConfiguration.WebSecurityEnablerConfiguration:
      Did not match:
         - @ConditionalOnMissingBean (names: springSecurityFilterChain; SearchStrategy: all) found beans named springSecurityFilterChain (OnBeanCondition)
      Matched:
         - @ConditionalOnClass found required class 'org.springframework.security.config.annotation.web.configuration.EnableWebSecurity' (OnClassCondition)

   UserDetailsServiceAutoConfiguration:
      Did not match:
         - @ConditionalOnMissingBean (types: org.springframework.security.authentication.AuthenticationManager,org.springframework.security.authentication.AuthenticationProvider,org.springframework.security.core.userdetails.UserDetailsService,org.springframework.security.authentication.AuthenticationManagerResolver,?; SearchStrategy: all) found beans of type 'org.springframework.security.authentication.AuthenticationManager' authenticationManager (OnBeanCondition)
      Matched:
         - @ConditionalOnClass found required class 'org.springframework.security.authentication.AuthenticationManager' (OnClassCondition)
         - found 'session' scope (OnWebApplicationCondition)
         - AnyNestedCondition 1 matched 2 did not; NestedCondition on UserDetailsServiceAutoConfiguration.MissingAlternativeOrUserPropertiesConfigured.PasswordConfigured @ConditionalOnProperty (spring.security.user.password) did not find property 'spring.security.user.password'; NestedCondition on UserDetailsServiceAutoConfiguration.MissingAlternativeOrUserPropertiesConfigured.NameConfigured @ConditionalOnProperty (spring.security.user.name) did not find property 'spring.security.user.name'; NestedCondition on UserDetailsServiceAutoConfiguration.MissingAlternativeOrUserPropertiesConfigured.MissingAlternative @ConditionalOnMissingClass did not find unwanted classes 'org.springframework.security.oauth2.client.registration.ClientRegistrationRepository', 'org.springframework.security.oauth2.server.resource.introspection.OpaqueTokenIntrospector', 'org.springframework.security.saml2.provider.service.registration.RelyingPartyRegistrationRepository' (UserDetailsServiceAutoConfiguration.MissingAlternativeOrUserPropertiesConfigured)


Exclusions:
-----------

    None


Unconditional classes:
----------------------

    None



2026-08-26T18:37:30.563+02:00  INFO 1756 --- [nio-8082-exec-2] o.a.c.c.C.[Tomcat].[localhost].[/]       : Initializing Spring DispatcherServlet 'dispatcherServlet'
2026-08-26T18:37:30.564+02:00  INFO 1756 --- [nio-8082-exec-2] o.s.web.servlet.DispatcherServlet        : Initializing Servlet 'dispatcherServlet'
2026-08-26T18:37:30.572+02:00  INFO 1756 --- [nio-8082-exec-2] o.s.web.servlet.DispatcherServlet        : Completed initialization in 7 ms
2026-08-26T18:38:52.485+02:00  INFO 1756 --- [   File Watcher] rtingClassPathChangeChangedEventListener : Restarting due to 116 class path changes (0 additions, 115 deletions, 1 modification)
2026-08-26T18:38:52.618+02:00  INFO 1756 --- [      Thread-16] o.s.b.w.e.tomcat.GracefulShutdown        : Commencing graceful shutdown. Waiting for active requests to complete
2026-08-26T18:38:52.688+02:00  INFO 1756 --- [tomcat-shutdown] o.s.b.w.e.tomcat.GracefulShutdown        : Graceful shutdown complete
2026-08-26T18:38:52.702+02:00  INFO 1756 --- [      Thread-16] j.LocalContainerEntityManagerFactoryBean : Closing JPA EntityManagerFactory for persistence unit 'default'
2026-08-26T18:38:52.704+02:00  INFO 1756 --- [      Thread-16] com.zaxxer.hikari.HikariDataSource       : HikariPool-4 - Shutdown initiated...
2026-08-26T18:38:52.775+02:00  INFO 1756 --- [      Thread-16] com.zaxxer.hikari.HikariDataSource       : HikariPool-4 - Shutdown completed.

  .   ____          _            __ _ _
 /\\ / ___'_ __ _ _(_)_ __  __ _ \ \ \ \
( ( )\___ | '_ | '_| | '_ \/ _` | \ \ \ \
 \\/  ___)| |_)| | | | | || (_| |  ) ) ) )
  '  |____| .__|_| |_|_| |_\__, | / / / /
 =========|_|==============|___/=/_/_/_/

 :: Spring Boot ::                (v3.5.0)

2026-08-26T18:38:53.183+02:00  INFO 1756 --- [  restartedMain] com.padell.padell.PadellApplication      : Starting PadellApplication using Java 21.0.9 with PID 1756 (C:\Users\user\Desktop\padellAou\target\classes started by user in C:\Users\user\Desktop\padellAou)
2026-08-26T18:38:53.185+02:00  INFO 1756 --- [  restartedMain] com.padell.padell.PadellApplication      : No active profile set, falling back to 1 default profile: "default"
2026-08-26T18:38:54.838+02:00  INFO 1756 --- [  restartedMain] .s.d.r.c.RepositoryConfigurationDelegate : Bootstrapping Spring Data JPA repositories in DEFAULT mode.
2026-08-26T18:38:54.843+02:00  INFO 1756 --- [  restartedMain] .s.d.r.c.RepositoryConfigurationDelegate : Finished Spring Data repository scanning in 2 ms. Found 0 JPA repository interfaces.
2026-08-26T18:38:56.166+02:00  INFO 1756 --- [  restartedMain] o.s.b.w.embedded.tomcat.TomcatWebServer  : Tomcat initialized with port 8082 (http)
2026-08-26T18:38:56.172+02:00  INFO 1756 --- [  restartedMain] o.apache.catalina.core.StandardService   : Starting service [Tomcat]
2026-08-26T18:38:56.174+02:00  INFO 1756 --- [  restartedMain] o.apache.catalina.core.StandardEngine    : Starting Servlet engine: [Apache Tomcat/10.1.41]
2026-08-26T18:38:56.399+02:00  INFO 1756 --- [  restartedMain] o.a.c.c.C.[Tomcat].[localhost].[/]       : Initializing Spring embedded WebApplicationContext
2026-08-26T18:38:56.402+02:00  INFO 1756 --- [  restartedMain] w.s.c.ServletWebServerApplicationContext : Root WebApplicationContext: initialization completed in 3214 ms
2026-08-26T18:38:56.624+02:00  INFO 1756 --- [  restartedMain] o.hibernate.jpa.internal.util.LogHelper  : HHH000204: Processing PersistenceUnitInfo [name: default]
2026-08-26T18:38:56.632+02:00  INFO 1756 --- [  restartedMain] o.h.c.internal.RegionFactoryInitiator    : HHH000026: Second-level cache disabled
2026-08-26T18:38:56.652+02:00  INFO 1756 --- [  restartedMain] o.s.o.j.p.SpringPersistenceUnitInfo      : No LoadTimeWeaver setup: ignoring JPA class transformer
2026-08-26T18:38:56.654+02:00  INFO 1756 --- [  restartedMain] com.zaxxer.hikari.HikariDataSource       : HikariPool-5 - Starting...
2026-08-26T18:38:57.994+02:00  INFO 1756 --- [  restartedMain] com.zaxxer.hikari.pool.HikariPool        : HikariPool-5 - Added connection org.postgresql.jdbc.PgConnection@27eaf6b0
2026-08-26T18:38:57.995+02:00  INFO 1756 --- [  restartedMain] com.zaxxer.hikari.HikariDataSource       : HikariPool-5 - Start completed.
2026-08-26T18:38:59.964+02:00  INFO 1756 --- [  restartedMain] org.hibernate.orm.connections.pooling    : HHH10001005: Database info:
	Database JDBC URL [Connecting through datasource 'HikariDataSource (HikariPool-5)']
	Database driver: undefined/unknown
	Database version: 15.19
	Autocommit mode: undefined/unknown
	Isolation level: undefined/unknown
	Minimum pool size: undefined/unknown
	Maximum pool size: undefined/unknown
2026-08-26T18:38:59.999+02:00  INFO 1756 --- [  restartedMain] o.h.e.t.j.p.i.JtaPlatformInitiator       : HHH000489: No JTA platform available (set 'hibernate.transaction.jta.platform' to enable JTA platform integration)
2026-08-26T18:39:00.008+02:00  INFO 1756 --- [  restartedMain] j.LocalContainerEntityManagerFactoryBean : Initialized JPA EntityManagerFactory for persistence unit 'default'
2026-08-26T18:39:03.087+02:00  INFO 1756 --- [  restartedMain] o.s.b.a.h2.H2ConsoleAutoConfiguration    : H2 console available at '/h2-console'. Database available at 'jdbc:postgresql://localhost:5440/padelService'
2026-08-26T18:39:03.187+02:00  WARN 1756 --- [  restartedMain] .s.s.UserDetailsServiceAutoConfiguration : 

Using generated security password: 30472686-5917-4e54-8eb1-b53aa5341bef

This generated password is for development use only. Your security configuration must be updated before running your application in production.

2026-08-26T18:39:03.189+02:00  INFO 1756 --- [  restartedMain] r$InitializeUserDetailsManagerConfigurer : Global AuthenticationManager configured with UserDetailsService bean with name inMemoryUserDetailsManager
2026-08-26T18:39:03.336+02:00  INFO 1756 --- [  restartedMain] o.s.b.d.a.OptionalLiveReloadServer       : LiveReload server is running on port 35729
2026-08-26T18:39:03.411+02:00  INFO 1756 --- [  restartedMain] o.s.b.w.embedded.tomcat.TomcatWebServer  : Tomcat started on port 8082 (http) with context path '/'
2026-08-26T18:39:03.421+02:00  INFO 1756 --- [  restartedMain] com.padell.padell.PadellApplication      : Started PadellApplication in 10.371 seconds (process running for 4753.376)
2026-08-26T18:39:03.428+02:00  INFO 1756 --- [  restartedMain] .ConditionEvaluationDeltaLoggingListener : Condition evaluation delta:


==========================
CONDITION EVALUATION DELTA
==========================


Positive matches:
-----------------

   SpringBootWebSecurityConfiguration.SecurityFilterChainConfiguration matched:
      - AllNestedConditions 2 matched 0 did not; NestedCondition on DefaultWebSecurityCondition.Beans @ConditionalOnMissingBean (types: org.springframework.security.web.SecurityFilterChain; SearchStrategy: all) did not find any beans; NestedCondition on DefaultWebSecurityCondition.Classes @ConditionalOnClass found required classes 'org.springframework.security.web.SecurityFilterChain', 'org.springframework.security.config.annotation.web.builders.HttpSecurity' (DefaultWebSecurityCondition)

   SpringBootWebSecurityConfiguration.WebSecurityEnablerConfiguration matched:
      - @ConditionalOnClass found required class 'org.springframework.security.config.annotation.web.configuration.EnableWebSecurity' (OnClassCondition)
      - @ConditionalOnMissingBean (names: springSecurityFilterChain; SearchStrategy: all) did not find any beans (OnBeanCondition)

   UserDetailsServiceAutoConfiguration matched:
      - @ConditionalOnClass found required class 'org.springframework.security.authentication.AuthenticationManager' (OnClassCondition)
      - found 'session' scope (OnWebApplicationCondition)
      - AnyNestedCondition 1 matched 2 did not; NestedCondition on UserDetailsServiceAutoConfiguration.MissingAlternativeOrUserPropertiesConfigured.PasswordConfigured @ConditionalOnProperty (spring.security.user.password) did not find property 'spring.security.user.password'; NestedCondition on UserDetailsServiceAutoConfiguration.MissingAlternativeOrUserPropertiesConfigured.NameConfigured @ConditionalOnProperty (spring.security.user.name) did not find property 'spring.security.user.name'; NestedCondition on UserDetailsServiceAutoConfiguration.MissingAlternativeOrUserPropertiesConfigured.MissingAlternative @ConditionalOnMissingClass did not find unwanted classes 'org.springframework.security.oauth2.client.registration.ClientRegistrationRepository', 'org.springframework.security.oauth2.server.resource.introspection.OpaqueTokenIntrospector', 'org.springframework.security.saml2.provider.service.registration.RelyingPartyRegistrationRepository' (UserDetailsServiceAutoConfiguration.MissingAlternativeOrUserPropertiesConfigured)
      - @ConditionalOnBean (types: org.springframework.security.config.ObjectPostProcessor; SearchStrategy: all) found beans 'objectPostProcessor', 'webAuthorizationManagerPostProcessor', 'filterChainDecoratorPostProcessor', 'authenticationManagerPostProcessor'; @ConditionalOnMissingBean (types: org.springframework.security.authentication.AuthenticationManager,org.springframework.security.authentication.AuthenticationProvider,org.springframework.security.core.userdetails.UserDetailsService,org.springframework.security.authentication.AuthenticationManagerResolver,?; SearchStrategy: all) did not find any beans (OnBeanCondition)


Negative matches:
-----------------

    None


Exclusions:
-----------

    None


Unconditional classes:
----------------------

    None



2026-08-26T18:39:33.528+02:00  INFO 1756 --- [   File Watcher] rtingClassPathChangeChangedEventListener : Restarting due to 115 class path changes (115 additions, 0 deletions, 0 modifications)
2026-08-26T18:39:33.747+02:00  INFO 1756 --- [      Thread-20] o.s.b.w.e.tomcat.GracefulShutdown        : Commencing graceful shutdown. Waiting for active requests to complete
2026-08-26T18:39:33.831+02:00  INFO 1756 --- [tomcat-shutdown] o.s.b.w.e.tomcat.GracefulShutdown        : Graceful shutdown complete
2026-08-26T18:39:33.837+02:00  INFO 1756 --- [      Thread-20] j.LocalContainerEntityManagerFactoryBean : Closing JPA EntityManagerFactory for persistence unit 'default'
2026-08-26T18:39:33.838+02:00  INFO 1756 --- [      Thread-20] com.zaxxer.hikari.HikariDataSource       : HikariPool-5 - Shutdown initiated...
2026-08-26T18:39:33.996+02:00  INFO 1756 --- [      Thread-20] com.zaxxer.hikari.HikariDataSource       : HikariPool-5 - Shutdown completed.

  .   ____          _            __ _ _
 /\\ / ___'_ __ _ _(_)_ __  __ _ \ \ \ \
( ( )\___ | '_ | '_| | '_ \/ _` | \ \ \ \
 \\/  ___)| |_)| | | | | || (_| |  ) ) ) )
  '  |____| .__|_| |_|_| |_\__, | / / / /
 =========|_|==============|___/=/_/_/_/

 :: Spring Boot ::                (v3.5.0)

2026-08-26T18:39:35.014+02:00  INFO 1756 --- [  restartedMain] com.padell.padell.PadellApplication      : Starting PadellApplication using Java 21.0.9 with PID 1756 (C:\Users\user\Desktop\padellAou\target\classes started by user in C:\Users\user\Desktop\padellAou)
2026-08-26T18:39:35.017+02:00  INFO 1756 --- [  restartedMain] com.padell.padell.PadellApplication      : No active profile set, falling back to 1 default profile: "default"
2026-08-26T18:39:37.899+02:00  INFO 1756 --- [  restartedMain] .s.d.r.c.RepositoryConfigurationDelegate : Bootstrapping Spring Data JPA repositories in DEFAULT mode.
2026-08-26T18:39:38.089+02:00  INFO 1756 --- [  restartedMain] .s.d.r.c.RepositoryConfigurationDelegate : Finished Spring Data repository scanning in 188 ms. Found 9 JPA repository interfaces.
2026-08-26T18:39:39.078+02:00  INFO 1756 --- [  restartedMain] o.s.b.w.embedded.tomcat.TomcatWebServer  : Tomcat initialized with port 8082 (http)
2026-08-26T18:39:39.083+02:00  INFO 1756 --- [  restartedMain] o.apache.catalina.core.StandardService   : Starting service [Tomcat]
2026-08-26T18:39:39.085+02:00  INFO 1756 --- [  restartedMain] o.apache.catalina.core.StandardEngine    : Starting Servlet engine: [Apache Tomcat/10.1.41]
2026-08-26T18:39:39.237+02:00  INFO 1756 --- [  restartedMain] o.a.c.c.C.[Tomcat].[localhost].[/]       : Initializing Spring embedded WebApplicationContext
2026-08-26T18:39:39.240+02:00  INFO 1756 --- [  restartedMain] w.s.c.ServletWebServerApplicationContext : Root WebApplicationContext: initialization completed in 4213 ms
2026-08-26T18:39:40.188+02:00  INFO 1756 --- [  restartedMain] o.hibernate.jpa.internal.util.LogHelper  : HHH000204: Processing PersistenceUnitInfo [name: default]
2026-08-26T18:39:40.197+02:00  INFO 1756 --- [  restartedMain] o.h.c.internal.RegionFactoryInitiator    : HHH000026: Second-level cache disabled
2026-08-26T18:39:40.245+02:00  INFO 1756 --- [  restartedMain] o.s.o.j.p.SpringPersistenceUnitInfo      : No LoadTimeWeaver setup: ignoring JPA class transformer
2026-08-26T18:39:40.247+02:00  INFO 1756 --- [  restartedMain] com.zaxxer.hikari.HikariDataSource       : HikariPool-6 - Starting...
2026-08-26T18:39:40.391+02:00  INFO 1756 --- [  restartedMain] com.zaxxer.hikari.pool.HikariPool        : HikariPool-6 - Added connection org.postgresql.jdbc.PgConnection@5196952
2026-08-26T18:39:40.393+02:00  INFO 1756 --- [  restartedMain] com.zaxxer.hikari.HikariDataSource       : HikariPool-6 - Start completed.
2026-08-26T18:39:40.481+02:00  INFO 1756 --- [  restartedMain] org.hibernate.orm.connections.pooling    : HHH10001005: Database info:
	Database JDBC URL [Connecting through datasource 'HikariDataSource (HikariPool-6)']
	Database driver: undefined/unknown
	Database version: 15.19
	Autocommit mode: undefined/unknown
	Isolation level: undefined/unknown
	Minimum pool size: undefined/unknown
	Maximum pool size: undefined/unknown
2026-08-26T18:39:43.522+02:00  INFO 1756 --- [  restartedMain] o.h.e.t.j.p.i.JtaPlatformInitiator       : HHH000489: No JTA platform available (set 'hibernate.transaction.jta.platform' to enable JTA platform integration)
2026-08-26T18:39:52.117+02:00  INFO 1756 --- [  restartedMain] j.LocalContainerEntityManagerFactoryBean : Initialized JPA EntityManagerFactory for persistence unit 'default'
2026-08-26T18:39:55.782+02:00  INFO 1756 --- [  restartedMain] o.s.b.a.h2.H2ConsoleAutoConfiguration    : H2 console available at '/h2-console'. Database available at 'jdbc:postgresql://localhost:5440/padelService'
2026-08-26T18:39:55.950+02:00  INFO 1756 --- [  restartedMain] o.s.b.d.a.OptionalLiveReloadServer       : LiveReload server is running on port 35729
2026-08-26T18:39:55.989+02:00  INFO 1756 --- [  restartedMain] o.s.b.w.embedded.tomcat.TomcatWebServer  : Tomcat started on port 8082 (http) with context path '/'
2026-08-26T18:39:56.010+02:00  INFO 1756 --- [  restartedMain] com.padell.padell.PadellApplication      : Started PadellApplication in 21.132 seconds (process running for 4805.965)
Hibernate: select m1_0.id,m1_0.created_at,m1_0.email,m1_0.matricule,m1_0.nom,m1_0.password_hash,m1_0.prenom,s1_0.id,s1_0.adresse,s1_0.annee_civile,s1_0.created_at,s1_0.duree_entre_match_minutes,s1_0.duree_match_minutes,s1_0.heure_fermeture,s1_0.heure_ouverture,s1_0.nom,s1_0.updated_at,m1_0.solde,m1_0.type_membre,m1_0.updated_at from membres m1_0 left join sites s1_0 on s1_0.id=m1_0.site_id
Hibernate: select count(*) from sites s1_0
Hibernate: select count(*) from matches m1_0
Hibernate: select m1_0.id,m1_0.created_at,m1_0.email,m1_0.matricule,m1_0.nom,m1_0.password_hash,m1_0.prenom,s1_0.id,s1_0.adresse,s1_0.annee_civile,s1_0.created_at,s1_0.duree_entre_match_minutes,s1_0.duree_match_minutes,s1_0.heure_fermeture,s1_0.heure_ouverture,s1_0.nom,s1_0.updated_at,m1_0.solde,m1_0.type_membre,m1_0.updated_at from membres m1_0 left join sites s1_0 on s1_0.id=m1_0.site_id where upper(m1_0.matricule)=upper(?)
Hibernate: select p1_0.id from penalites p1_0 left join membres m1_0 on m1_0.id=p1_0.membre_id where m1_0.id=? and p1_0.date_fin>? fetch first ? rows only
Hibernate: select m1_0.id,m1_0.created_at,m1_0.email,m1_0.matricule,m1_0.nom,m1_0.password_hash,m1_0.prenom,s1_0.id,s1_0.adresse,s1_0.annee_civile,s1_0.created_at,s1_0.duree_entre_match_minutes,s1_0.duree_match_minutes,s1_0.heure_fermeture,s1_0.heure_ouverture,s1_0.nom,s1_0.updated_at,m1_0.solde,m1_0.type_membre,m1_0.updated_at from membres m1_0 left join sites s1_0 on s1_0.id=m1_0.site_id where upper(m1_0.matricule)=upper(?)
Hibernate: select m1_0.id,m1_0.created_at,m1_0.email,mo1_0.organisateur_id,mo1_0.id,mo1_0.created_at,mo1_0.date_conversion_public,mo1_0.date_debut,mo1_0.date_fin,mo1_0.nb_joueurs_actuels,mo1_0.prix_par_joueur,mo1_0.prix_total,mo1_0.statut,mo1_0.terrain_id,mo1_0.type_match,mo1_0.updated_at,m1_0.matricule,m1_0.nom,m1_0.password_hash,m1_0.prenom,m1_0.site_id,m1_0.solde,m1_0.type_membre,m1_0.updated_at from membres m1_0 left join matches mo1_0 on m1_0.id=mo1_0.organisateur_id where m1_0.id=?
Hibernate: select r1_0.match_id,r1_0.id,r1_0.created_at,r1_0.membre_id,p1_0.id,p1_0.created_at,p1_0.date_paiement,p1_0.montant,p1_0.reservation_id,p1_0.statut,p1_0.updated_at,r1_0.statut,r1_0.updated_at from reservations r1_0 left join paiements p1_0 on r1_0.id=p1_0.reservation_id where r1_0.match_id=?
Hibernate: select r1_0.membre_id,r1_0.id,r1_0.created_at,r1_0.match_id,p1_0.id,p1_0.created_at,p1_0.date_paiement,p1_0.montant,p1_0.reservation_id,p1_0.statut,p1_0.updated_at,r1_0.statut,r1_0.updated_at from reservations r1_0 left join paiements p1_0 on r1_0.id=p1_0.reservation_id where r1_0.membre_id=?
Hibernate: select p1_0.membre_id,p1_0.id,p1_0.created_at,p1_0.date_fin,p1_0.motif,p1_0.updated_at from penalites p1_0 where p1_0.membre_id=?
Hibernate: select r1_0.match_id,r1_0.id,r1_0.created_at,r1_0.membre_id,p1_0.id,p1_0.created_at,p1_0.date_paiement,p1_0.montant,p1_0.reservation_id,p1_0.statut,p1_0.updated_at,r1_0.statut,r1_0.updated_at from reservations r1_0 left join paiements p1_0 on r1_0.id=p1_0.reservation_id where r1_0.match_id=?
Hibernate: update membres set email=?,matricule=?,nom=?,password_hash=?,prenom=?,site_id=?,solde=?,type_membre=?,updated_at=? where id=?
Hibernate: select m1_0.id,m1_0.created_at,m1_0.email,m1_0.matricule,m1_0.nom,m1_0.password_hash,m1_0.prenom,s1_0.id,s1_0.adresse,s1_0.annee_civile,s1_0.created_at,s1_0.duree_entre_match_minutes,s1_0.duree_match_minutes,s1_0.heure_fermeture,s1_0.heure_ouverture,s1_0.nom,s1_0.updated_at,m1_0.solde,m1_0.type_membre,m1_0.updated_at from membres m1_0 left join sites s1_0 on s1_0.id=m1_0.site_id where upper(m1_0.matricule)=upper(?)
Hibernate: select m1_0.id,m1_0.created_at,m1_0.email,mo1_0.organisateur_id,mo1_0.id,mo1_0.created_at,mo1_0.date_conversion_public,mo1_0.date_debut,mo1_0.date_fin,mo1_0.nb_joueurs_actuels,mo1_0.prix_par_joueur,mo1_0.prix_total,mo1_0.statut,mo1_0.terrain_id,mo1_0.type_match,mo1_0.updated_at,m1_0.matricule,m1_0.nom,m1_0.password_hash,m1_0.prenom,m1_0.site_id,m1_0.solde,m1_0.type_membre,m1_0.updated_at from membres m1_0 left join matches mo1_0 on m1_0.id=mo1_0.organisateur_id where m1_0.id=?
Hibernate: select r1_0.membre_id,r1_0.id,r1_0.created_at,r1_0.match_id,p1_0.id,p1_0.created_at,p1_0.date_paiement,p1_0.montant,p1_0.reservation_id,p1_0.statut,p1_0.updated_at,r1_0.statut,r1_0.updated_at from reservations r1_0 left join paiements p1_0 on r1_0.id=p1_0.reservation_id where r1_0.membre_id=?
Hibernate: select p1_0.membre_id,p1_0.id,p1_0.created_at,p1_0.date_fin,p1_0.motif,p1_0.updated_at from penalites p1_0 where p1_0.membre_id=?
Hibernate: update membres set email=?,matricule=?,nom=?,password_hash=?,prenom=?,site_id=?,solde=?,type_membre=?,updated_at=? where id=?
Hibernate: select m1_0.id,m1_0.created_at,m1_0.email,m1_0.matricule,m1_0.nom,m1_0.password_hash,m1_0.prenom,s1_0.id,s1_0.adresse,s1_0.annee_civile,s1_0.created_at,s1_0.duree_entre_match_minutes,s1_0.duree_match_minutes,s1_0.heure_fermeture,s1_0.heure_ouverture,s1_0.nom,s1_0.updated_at,m1_0.solde,m1_0.type_membre,m1_0.updated_at from membres m1_0 left join sites s1_0 on s1_0.id=m1_0.site_id where upper(m1_0.matricule)=upper(?)
Hibernate: select m1_0.id,m1_0.created_at,m1_0.email,mo1_0.organisateur_id,mo1_0.id,mo1_0.created_at,mo1_0.date_conversion_public,mo1_0.date_debut,mo1_0.date_fin,mo1_0.nb_joueurs_actuels,mo1_0.prix_par_joueur,mo1_0.prix_total,mo1_0.statut,mo1_0.terrain_id,mo1_0.type_match,mo1_0.updated_at,m1_0.matricule,m1_0.nom,m1_0.password_hash,m1_0.prenom,m1_0.site_id,m1_0.solde,m1_0.type_membre,m1_0.updated_at from membres m1_0 left join matches mo1_0 on m1_0.id=mo1_0.organisateur_id where m1_0.id=?
Hibernate: select r1_0.membre_id,r1_0.id,r1_0.created_at,r1_0.match_id,p1_0.id,p1_0.created_at,p1_0.date_paiement,p1_0.montant,p1_0.reservation_id,p1_0.statut,p1_0.updated_at,r1_0.statut,r1_0.updated_at from reservations r1_0 left join paiements p1_0 on r1_0.id=p1_0.reservation_id where r1_0.membre_id=?
Hibernate: select p1_0.membre_id,p1_0.id,p1_0.created_at,p1_0.date_fin,p1_0.motif,p1_0.updated_at from penalites p1_0 where p1_0.membre_id=?
Hibernate: select r1_0.match_id,r1_0.id,r1_0.created_at,r1_0.membre_id,p1_0.id,p1_0.created_at,p1_0.date_paiement,p1_0.montant,p1_0.reservation_id,p1_0.statut,p1_0.updated_at,r1_0.statut,r1_0.updated_at from reservations r1_0 left join paiements p1_0 on r1_0.id=p1_0.reservation_id where r1_0.match_id=?
Hibernate: update membres set email=?,matricule=?,nom=?,password_hash=?,prenom=?,site_id=?,solde=?,type_membre=?,updated_at=? where id=?
Hibernate: select m1_0.id,m1_0.created_at,m1_0.email,m1_0.matricule,m1_0.nom,m1_0.password_hash,m1_0.prenom,s1_0.id,s1_0.adresse,s1_0.annee_civile,s1_0.created_at,s1_0.duree_entre_match_minutes,s1_0.duree_match_minutes,s1_0.heure_fermeture,s1_0.heure_ouverture,s1_0.nom,s1_0.updated_at,m1_0.solde,m1_0.type_membre,m1_0.updated_at from membres m1_0 left join sites s1_0 on s1_0.id=m1_0.site_id where upper(m1_0.matricule)=upper(?)
Hibernate: select m1_0.id,m1_0.created_at,m1_0.email,mo1_0.organisateur_id,mo1_0.id,mo1_0.created_at,mo1_0.date_conversion_public,mo1_0.date_debut,mo1_0.date_fin,mo1_0.nb_joueurs_actuels,mo1_0.prix_par_joueur,mo1_0.prix_total,mo1_0.statut,mo1_0.terrain_id,mo1_0.type_match,mo1_0.updated_at,m1_0.matricule,m1_0.nom,m1_0.password_hash,m1_0.prenom,m1_0.site_id,m1_0.solde,m1_0.type_membre,m1_0.updated_at from membres m1_0 left join matches mo1_0 on m1_0.id=mo1_0.organisateur_id where m1_0.id=?
Hibernate: select r1_0.membre_id,r1_0.id,r1_0.created_at,r1_0.match_id,p1_0.id,p1_0.created_at,p1_0.date_paiement,p1_0.montant,p1_0.reservation_id,p1_0.statut,p1_0.updated_at,r1_0.statut,r1_0.updated_at from reservations r1_0 left join paiements p1_0 on r1_0.id=p1_0.reservation_id where r1_0.membre_id=?
Hibernate: select p1_0.membre_id,p1_0.id,p1_0.created_at,p1_0.date_fin,p1_0.motif,p1_0.updated_at from penalites p1_0 where p1_0.membre_id=?
Hibernate: select r1_0.match_id,r1_0.id,r1_0.created_at,r1_0.membre_id,p1_0.id,p1_0.created_at,p1_0.date_paiement,p1_0.montant,p1_0.reservation_id,p1_0.statut,p1_0.updated_at,r1_0.statut,r1_0.updated_at from reservations r1_0 left join paiements p1_0 on r1_0.id=p1_0.reservation_id where r1_0.match_id=?
Hibernate: update membres set email=?,matricule=?,nom=?,password_hash=?,prenom=?,site_id=?,solde=?,type_membre=?,updated_at=? where id=?
Hibernate: select m1_0.id,m1_0.created_at,m1_0.email,m1_0.matricule,m1_0.nom,m1_0.password_hash,m1_0.prenom,s1_0.id,s1_0.adresse,s1_0.annee_civile,s1_0.created_at,s1_0.duree_entre_match_minutes,s1_0.duree_match_minutes,s1_0.heure_fermeture,s1_0.heure_ouverture,s1_0.nom,s1_0.updated_at,m1_0.solde,m1_0.type_membre,m1_0.updated_at from membres m1_0 left join sites s1_0 on s1_0.id=m1_0.site_id where upper(m1_0.matricule)=upper(?)
Hibernate: select m1_0.id,m1_0.created_at,m1_0.email,mo1_0.organisateur_id,mo1_0.id,mo1_0.created_at,mo1_0.date_conversion_public,mo1_0.date_debut,mo1_0.date_fin,mo1_0.nb_joueurs_actuels,mo1_0.prix_par_joueur,mo1_0.prix_total,mo1_0.statut,mo1_0.terrain_id,mo1_0.type_match,mo1_0.updated_at,m1_0.matricule,m1_0.nom,m1_0.password_hash,m1_0.prenom,m1_0.site_id,m1_0.solde,m1_0.type_membre,m1_0.updated_at from membres m1_0 left join matches mo1_0 on m1_0.id=mo1_0.organisateur_id where m1_0.id=?
Hibernate: select r1_0.membre_id,r1_0.id,r1_0.created_at,r1_0.match_id,p1_0.id,p1_0.created_at,p1_0.date_paiement,p1_0.montant,p1_0.reservation_id,p1_0.statut,p1_0.updated_at,r1_0.statut,r1_0.updated_at from reservations r1_0 left join paiements p1_0 on r1_0.id=p1_0.reservation_id where r1_0.membre_id=?
Hibernate: select p1_0.membre_id,p1_0.id,p1_0.created_at,p1_0.date_fin,p1_0.motif,p1_0.updated_at from penalites p1_0 where p1_0.membre_id=?
Hibernate: select r1_0.match_id,r1_0.id,r1_0.created_at,r1_0.membre_id,p1_0.id,p1_0.created_at,p1_0.date_paiement,p1_0.montant,p1_0.reservation_id,p1_0.statut,p1_0.updated_at,r1_0.statut,r1_0.updated_at from reservations r1_0 left join paiements p1_0 on r1_0.id=p1_0.reservation_id where r1_0.match_id=?
Hibernate: update membres set email=?,matricule=?,nom=?,password_hash=?,prenom=?,site_id=?,solde=?,type_membre=?,updated_at=? where id=?
Hibernate: select m1_0.id,m1_0.created_at,m1_0.email,m1_0.matricule,m1_0.nom,m1_0.password_hash,m1_0.prenom,s1_0.id,s1_0.adresse,s1_0.annee_civile,s1_0.created_at,s1_0.duree_entre_match_minutes,s1_0.duree_match_minutes,s1_0.heure_fermeture,s1_0.heure_ouverture,s1_0.nom,s1_0.updated_at,m1_0.solde,m1_0.type_membre,m1_0.updated_at from membres m1_0 left join sites s1_0 on s1_0.id=m1_0.site_id where upper(m1_0.matricule)=upper(?)
Hibernate: select m1_0.id,m1_0.created_at,m1_0.email,mo1_0.organisateur_id,mo1_0.id,mo1_0.created_at,mo1_0.date_conversion_public,mo1_0.date_debut,mo1_0.date_fin,mo1_0.nb_joueurs_actuels,mo1_0.prix_par_joueur,mo1_0.prix_total,mo1_0.statut,mo1_0.terrain_id,mo1_0.type_match,mo1_0.updated_at,m1_0.matricule,m1_0.nom,m1_0.password_hash,m1_0.prenom,m1_0.site_id,m1_0.solde,m1_0.type_membre,m1_0.updated_at from membres m1_0 left join matches mo1_0 on m1_0.id=mo1_0.organisateur_id where m1_0.id=?
Hibernate: select r1_0.membre_id,r1_0.id,r1_0.created_at,r1_0.match_id,p1_0.id,p1_0.created_at,p1_0.date_paiement,p1_0.montant,p1_0.reservation_id,p1_0.statut,p1_0.updated_at,r1_0.statut,r1_0.updated_at from reservations r1_0 left join paiements p1_0 on r1_0.id=p1_0.reservation_id where r1_0.membre_id=?
Hibernate: select p1_0.membre_id,p1_0.id,p1_0.created_at,p1_0.date_fin,p1_0.motif,p1_0.updated_at from penalites p1_0 where p1_0.membre_id=?
Hibernate: update membres set email=?,matricule=?,nom=?,password_hash=?,prenom=?,site_id=?,solde=?,type_membre=?,updated_at=? where id=?
Hibernate: select a1_0.id,a1_0.created_at,a1_0.email,a1_0.matricule,a1_0.nom,a1_0.password_hash,a1_0.prenom,a1_0.site_id,a1_0.type_administrateur,a1_0.updated_at from administrateurs a1_0 where a1_0.email=?
Hibernate: select a1_0.id,a1_0.created_at,a1_0.email,a1_0.matricule,a1_0.nom,a1_0.password_hash,a1_0.prenom,a1_0.site_id,a1_0.type_administrateur,a1_0.updated_at from administrateurs a1_0 where a1_0.id=?
Hibernate: update administrateurs set email=?,matricule=?,nom=?,password_hash=?,prenom=?,site_id=?,type_administrateur=?,updated_at=? where id=?
Hibernate: select a1_0.id,a1_0.created_at,a1_0.email,a1_0.matricule,a1_0.nom,a1_0.password_hash,a1_0.prenom,a1_0.site_id,a1_0.type_administrateur,a1_0.updated_at from administrateurs a1_0 where a1_0.email=?
Hibernate: select a1_0.id,a1_0.created_at,a1_0.email,a1_0.matricule,a1_0.nom,a1_0.password_hash,a1_0.prenom,a1_0.site_id,a1_0.type_administrateur,a1_0.updated_at from administrateurs a1_0 where a1_0.id=?
Hibernate: update administrateurs set email=?,matricule=?,nom=?,password_hash=?,prenom=?,site_id=?,type_administrateur=?,updated_at=? where id=?
Hibernate: select a1_0.id,a1_0.created_at,a1_0.email,a1_0.matricule,a1_0.nom,a1_0.password_hash,a1_0.prenom,a1_0.site_id,a1_0.type_administrateur,a1_0.updated_at from administrateurs a1_0 where a1_0.email=?
Hibernate: select a1_0.id,a1_0.created_at,a1_0.email,a1_0.matricule,a1_0.nom,a1_0.password_hash,a1_0.prenom,a1_0.site_id,a1_0.type_administrateur,a1_0.updated_at from administrateurs a1_0 where a1_0.id=?
Hibernate: update administrateurs set email=?,matricule=?,nom=?,password_hash=?,prenom=?,site_id=?,type_administrateur=?,updated_at=? where id=?
2026-08-26T18:40:00.401+02:00  INFO 1756 --- [  restartedMain] com.padell.padell.DataInitializer        : DataInitializer : base de donnees deja initialisee, initialisation ignoree...
2026-08-26T18:40:00.403+02:00  INFO 1756 --- [  restartedMain] .ConditionEvaluationDeltaLoggingListener : Condition evaluation delta:


==========================
CONDITION EVALUATION DELTA
==========================


Positive matches:
-----------------

    None


Negative matches:
-----------------

   SpringBootWebSecurityConfiguration.SecurityFilterChainConfiguration:
      Did not match:
         - AllNestedConditions 1 matched 1 did not; NestedCondition on DefaultWebSecurityCondition.Beans @ConditionalOnMissingBean (types: org.springframework.security.web.SecurityFilterChain; SearchStrategy: all) found beans of type 'org.springframework.security.web.SecurityFilterChain' filterChain; NestedCondition on DefaultWebSecurityCondition.Classes @ConditionalOnClass found required classes 'org.springframework.security.web.SecurityFilterChain', 'org.springframework.security.config.annotation.web.builders.HttpSecurity' (DefaultWebSecurityCondition)

   SpringBootWebSecurityConfiguration.WebSecurityEnablerConfiguration:
      Did not match:
         - @ConditionalOnMissingBean (names: springSecurityFilterChain; SearchStrategy: all) found beans named springSecurityFilterChain (OnBeanCondition)
      Matched:
         - @ConditionalOnClass found required class 'org.springframework.security.config.annotation.web.configuration.EnableWebSecurity' (OnClassCondition)

   UserDetailsServiceAutoConfiguration:
      Did not match:
         - @ConditionalOnMissingBean (types: org.springframework.security.authentication.AuthenticationManager,org.springframework.security.authentication.AuthenticationProvider,org.springframework.security.core.userdetails.UserDetailsService,org.springframework.security.authentication.AuthenticationManagerResolver,?; SearchStrategy: all) found beans of type 'org.springframework.security.authentication.AuthenticationManager' authenticationManager (OnBeanCondition)
      Matched:
         - @ConditionalOnClass found required class 'org.springframework.security.authentication.AuthenticationManager' (OnClassCondition)
         - found 'session' scope (OnWebApplicationCondition)
         - AnyNestedCondition 1 matched 2 did not; NestedCondition on UserDetailsServiceAutoConfiguration.MissingAlternativeOrUserPropertiesConfigured.PasswordConfigured @ConditionalOnProperty (spring.security.user.password) did not find property 'spring.security.user.password'; NestedCondition on UserDetailsServiceAutoConfiguration.MissingAlternativeOrUserPropertiesConfigured.NameConfigured @ConditionalOnProperty (spring.security.user.name) did not find property 'spring.security.user.name'; NestedCondition on UserDetailsServiceAutoConfiguration.MissingAlternativeOrUserPropertiesConfigured.MissingAlternative @ConditionalOnMissingClass did not find unwanted classes 'org.springframework.security.oauth2.client.registration.ClientRegistrationRepository', 'org.springframework.security.oauth2.server.resource.introspection.OpaqueTokenIntrospector', 'org.springframework.security.saml2.provider.service.registration.RelyingPartyRegistrationRepository' (UserDetailsServiceAutoConfiguration.MissingAlternativeOrUserPropertiesConfigured)


Exclusions:
-----------

    None


Unconditional classes:
----------------------

    None



2026-08-26T18:41:21.014+02:00  INFO 1756 --- [   File Watcher] rtingClassPathChangeChangedEventListener : Restarting due to 116 class path changes (0 additions, 116 deletions, 0 modifications)
2026-08-26T18:41:21.031+02:00  INFO 1756 --- [      Thread-24] o.s.b.w.e.tomcat.GracefulShutdown        : Commencing graceful shutdown. Waiting for active requests to complete
2026-08-26T18:41:21.046+02:00  INFO 1756 --- [tomcat-shutdown] o.s.b.w.e.tomcat.GracefulShutdown        : Graceful shutdown complete
2026-08-26T18:41:21.052+02:00  INFO 1756 --- [      Thread-24] j.LocalContainerEntityManagerFactoryBean : Closing JPA EntityManagerFactory for persistence unit 'default'
2026-08-26T18:41:21.055+02:00  INFO 1756 --- [      Thread-24] com.zaxxer.hikari.HikariDataSource       : HikariPool-6 - Shutdown initiated...
2026-08-26T18:41:21.071+02:00  INFO 1756 --- [      Thread-24] com.zaxxer.hikari.HikariDataSource       : HikariPool-6 - Shutdown completed.

  .   ____          _            __ _ _
 /\\ / ___'_ __ _ _(_)_ __  __ _ \ \ \ \
( ( )\___ | '_ | '_| | '_ \/ _` | \ \ \ \
 \\/  ___)| |_)| | | | | || (_| |  ) ) ) )
  '  |____| .__|_| |_|_| |_\__, | / / / /
 =========|_|==============|___/=/_/_/_/

 :: Spring Boot ::                (v3.5.0)

2026-08-26T18:41:21.680+02:00  INFO 1756 --- [  restartedMain] com.padell.padell.PadellApplication      : Starting PadellApplication using Java 21.0.9 with PID 1756 (started by user in C:\Users\user\Desktop\padellAou)
2026-08-26T18:41:21.681+02:00  INFO 1756 --- [  restartedMain] com.padell.padell.PadellApplication      : No active profile set, falling back to 1 default profile: "default"
2026-08-26T18:41:24.673+02:00  INFO 1756 --- [  restartedMain] .s.d.r.c.RepositoryConfigurationDelegate : Bootstrapping Spring Data JPA repositories in DEFAULT mode.
2026-08-26T18:41:24.679+02:00  INFO 1756 --- [  restartedMain] .s.d.r.c.RepositoryConfigurationDelegate : Finished Spring Data repository scanning in 1 ms. Found 0 JPA repository interfaces.
2026-08-26T18:41:25.988+02:00  INFO 1756 --- [  restartedMain] o.s.b.w.embedded.tomcat.TomcatWebServer  : Tomcat initialized with port 8080 (http)
2026-08-26T18:41:25.992+02:00  INFO 1756 --- [  restartedMain] o.apache.catalina.core.StandardService   : Starting service [Tomcat]
2026-08-26T18:41:25.994+02:00  INFO 1756 --- [  restartedMain] o.apache.catalina.core.StandardEngine    : Starting Servlet engine: [Apache Tomcat/10.1.41]
2026-08-26T18:41:26.185+02:00  INFO 1756 --- [  restartedMain] o.a.c.c.C.[Tomcat].[localhost].[/]       : Initializing Spring embedded WebApplicationContext
2026-08-26T18:41:26.186+02:00  INFO 1756 --- [  restartedMain] w.s.c.ServletWebServerApplicationContext : Root WebApplicationContext: initialization completed in 4501 ms
2026-08-26T18:41:26.814+02:00  INFO 1756 --- [  restartedMain] com.zaxxer.hikari.HikariDataSource       : HikariPool-7 - Starting...
2026-08-26T18:41:26.827+02:00  INFO 1756 --- [  restartedMain] com.zaxxer.hikari.pool.HikariPool        : HikariPool-7 - Added connection conn10: url=jdbc:h2:mem:495a1119-e065-438c-ba8c-40219dc925a7 user=SA
2026-08-26T18:41:26.828+02:00  INFO 1756 --- [  restartedMain] com.zaxxer.hikari.HikariDataSource       : HikariPool-7 - Start completed.
2026-08-26T18:41:26.844+02:00  INFO 1756 --- [  restartedMain] o.hibernate.jpa.internal.util.LogHelper  : HHH000204: Processing PersistenceUnitInfo [name: default]
2026-08-26T18:41:26.865+02:00  INFO 1756 --- [  restartedMain] o.h.c.internal.RegionFactoryInitiator    : HHH000026: Second-level cache disabled
2026-08-26T18:41:26.894+02:00  INFO 1756 --- [  restartedMain] o.s.o.j.p.SpringPersistenceUnitInfo      : No LoadTimeWeaver setup: ignoring JPA class transformer
2026-08-26T18:41:26.901+02:00  INFO 1756 --- [  restartedMain] org.hibernate.orm.connections.pooling    : HHH10001005: Database info:
	Database JDBC URL [Connecting through datasource 'HikariDataSource (HikariPool-7)']
	Database driver: undefined/unknown
	Database version: 2.3.232
	Autocommit mode: undefined/unknown
	Isolation level: undefined/unknown
	Minimum pool size: undefined/unknown
	Maximum pool size: undefined/unknown
2026-08-26T18:41:27.019+02:00  INFO 1756 --- [  restartedMain] o.h.e.t.j.p.i.JtaPlatformInitiator       : HHH000489: No JTA platform available (set 'hibernate.transaction.jta.platform' to enable JTA platform integration)
2026-08-26T18:41:27.029+02:00  INFO 1756 --- [  restartedMain] j.LocalContainerEntityManagerFactoryBean : Initialized JPA EntityManagerFactory for persistence unit 'default'
2026-08-26T18:41:31.882+02:00  WARN 1756 --- [  restartedMain] JpaBaseConfiguration$JpaWebConfiguration : spring.jpa.open-in-view is enabled by default. Therefore, database queries may be performed during view rendering. Explicitly configure spring.jpa.open-in-view to disable this warning
2026-08-26T18:41:32.835+02:00  INFO 1756 --- [  restartedMain] o.s.b.a.h2.H2ConsoleAutoConfiguration    : H2 console available at '/h2-console'. Database available at 'jdbc:h2:mem:495a1119-e065-438c-ba8c-40219dc925a7'
2026-08-26T18:41:33.027+02:00  WARN 1756 --- [  restartedMain] .s.s.UserDetailsServiceAutoConfiguration : 

Using generated security password: 47e3dd99-e00e-46c3-9088-3990d6f14471

This generated password is for development use only. Your security configuration must be updated before running your application in production.

2026-08-26T18:41:33.032+02:00  INFO 1756 --- [  restartedMain] r$InitializeUserDetailsManagerConfigurer : Global AuthenticationManager configured with UserDetailsService bean with name inMemoryUserDetailsManager
2026-08-26T18:41:33.431+02:00  INFO 1756 --- [  restartedMain] o.s.b.d.a.OptionalLiveReloadServer       : LiveReload server is running on port 35729
2026-08-26T18:41:33.516+02:00  INFO 1756 --- [  restartedMain] o.s.b.w.embedded.tomcat.TomcatWebServer  : Tomcat started on port 8080 (http) with context path '/'
2026-08-26T18:41:33.536+02:00  INFO 1756 --- [  restartedMain] com.padell.padell.PadellApplication      : Started PadellApplication in 12.086 seconds (process running for 4903.491)
2026-08-26T18:41:33.547+02:00  INFO 1756 --- [  restartedMain] .ConditionEvaluationDeltaLoggingListener : Condition evaluation delta:


==========================
CONDITION EVALUATION DELTA
==========================


Positive matches:
-----------------

   JpaBaseConfiguration.JpaWebConfiguration matched:
      - @ConditionalOnClass found required class 'org.springframework.web.servlet.config.annotation.WebMvcConfigurer' (OnClassCondition)
      - found 'session' scope (OnWebApplicationCondition)
      - @ConditionalOnBooleanProperty (spring.jpa.open-in-view=true) matched (OnPropertyCondition)
      - @ConditionalOnMissingBean (types: org.springframework.orm.jpa.support.OpenEntityManagerInViewInterceptor,org.springframework.orm.jpa.support.OpenEntityManagerInViewFilter; SearchStrategy: all) did not find any beans (OnBeanCondition)

   SpringBootWebSecurityConfiguration.SecurityFilterChainConfiguration matched:
      - AllNestedConditions 2 matched 0 did not; NestedCondition on DefaultWebSecurityCondition.Beans @ConditionalOnMissingBean (types: org.springframework.security.web.SecurityFilterChain; SearchStrategy: all) did not find any beans; NestedCondition on DefaultWebSecurityCondition.Classes @ConditionalOnClass found required classes 'org.springframework.security.web.SecurityFilterChain', 'org.springframework.security.config.annotation.web.builders.HttpSecurity' (DefaultWebSecurityCondition)

   SpringBootWebSecurityConfiguration.WebSecurityEnablerConfiguration matched:
      - @ConditionalOnClass found required class 'org.springframework.security.config.annotation.web.configuration.EnableWebSecurity' (OnClassCondition)
      - @ConditionalOnMissingBean (names: springSecurityFilterChain; SearchStrategy: all) did not find any beans (OnBeanCondition)

   UserDetailsServiceAutoConfiguration matched:
      - @ConditionalOnClass found required class 'org.springframework.security.authentication.AuthenticationManager' (OnClassCondition)
      - found 'session' scope (OnWebApplicationCondition)
      - AnyNestedCondition 1 matched 2 did not; NestedCondition on UserDetailsServiceAutoConfiguration.MissingAlternativeOrUserPropertiesConfigured.PasswordConfigured @ConditionalOnProperty (spring.security.user.password) did not find property 'spring.security.user.password'; NestedCondition on UserDetailsServiceAutoConfiguration.MissingAlternativeOrUserPropertiesConfigured.NameConfigured @ConditionalOnProperty (spring.security.user.name) did not find property 'spring.security.user.name'; NestedCondition on UserDetailsServiceAutoConfiguration.MissingAlternativeOrUserPropertiesConfigured.MissingAlternative @ConditionalOnMissingClass did not find unwanted classes 'org.springframework.security.oauth2.client.registration.ClientRegistrationRepository', 'org.springframework.security.oauth2.server.resource.introspection.OpaqueTokenIntrospector', 'org.springframework.security.saml2.provider.service.registration.RelyingPartyRegistrationRepository' (UserDetailsServiceAutoConfiguration.MissingAlternativeOrUserPropertiesConfigured)
      - @ConditionalOnBean (types: org.springframework.security.config.ObjectPostProcessor; SearchStrategy: all) found beans 'objectPostProcessor', 'webAuthorizationManagerPostProcessor', 'filterChainDecoratorPostProcessor', 'authenticationManagerPostProcessor'; @ConditionalOnMissingBean (types: org.springframework.security.authentication.AuthenticationManager,org.springframework.security.authentication.AuthenticationProvider,org.springframework.security.core.userdetails.UserDetailsService,org.springframework.security.authentication.AuthenticationManagerResolver,?; SearchStrategy: all) did not find any beans (OnBeanCondition)


Negative matches:
-----------------

    None


Exclusions:
-----------

    None


Unconditional classes:
----------------------

    None



2026-08-26T18:41:34.955+02:00  INFO 1756 --- [   File Watcher] rtingClassPathChangeChangedEventListener : Restarting due to 1 class path change (1 addition, 0 deletions, 0 modifications)
2026-08-26T18:41:34.959+02:00  INFO 1756 --- [      Thread-28] o.s.b.w.e.tomcat.GracefulShutdown        : Commencing graceful shutdown. Waiting for active requests to complete
2026-08-26T18:41:34.972+02:00  INFO 1756 --- [tomcat-shutdown] o.s.b.w.e.tomcat.GracefulShutdown        : Graceful shutdown complete
2026-08-26T18:41:34.980+02:00  INFO 1756 --- [      Thread-28] j.LocalContainerEntityManagerFactoryBean : Closing JPA EntityManagerFactory for persistence unit 'default'
2026-08-26T18:41:34.984+02:00  WARN 1756 --- [      Thread-28] o.s.b.f.support.DisposableBeanAdapter    : Invocation of destroy method failed on bean with name 'inMemoryDatabaseShutdownExecutor': org.h2.jdbc.JdbcSQLNonTransientConnectionException: La base de données est déjà fermée (pour désactiver la fermeture automatique à l'arrêt de la VM, ajoutez "; DB_CLOSE_ON_EXIT = FALSE" à l'URL db)
Database is already closed (to disable automatic closing at VM shutdown, add ";DB_CLOSE_ON_EXIT=FALSE" to the db URL) [90121-232]
2026-08-26T18:41:34.985+02:00  INFO 1756 --- [      Thread-28] com.zaxxer.hikari.HikariDataSource       : HikariPool-7 - Shutdown initiated...
2026-08-26T18:41:34.996+02:00  INFO 1756 --- [      Thread-28] com.zaxxer.hikari.HikariDataSource       : HikariPool-7 - Shutdown completed.

  .   ____          _            __ _ _
 /\\ / ___'_ __ _ _(_)_ __  __ _ \ \ \ \
( ( )\___ | '_ | '_| | '_ \/ _` | \ \ \ \
 \\/  ___)| |_)| | | | | || (_| |  ) ) ) )
  '  |____| .__|_| |_|_| |_\__, | / / / /
 =========|_|==============|___/=/_/_/_/

 :: Spring Boot ::                (v3.5.0)

2026-08-26T18:41:35.306+02:00  INFO 1756 --- [  restartedMain] com.padell.padell.PadellApplication      : Starting PadellApplication using Java 21.0.9 with PID 1756 (C:\Users\user\Desktop\padellAou\target\classes started by user in C:\Users\user\Desktop\padellAou)
2026-08-26T18:41:35.307+02:00  INFO 1756 --- [  restartedMain] com.padell.padell.PadellApplication      : No active profile set, falling back to 1 default profile: "default"
2026-08-26T18:41:36.352+02:00  INFO 1756 --- [  restartedMain] .s.d.r.c.RepositoryConfigurationDelegate : Bootstrapping Spring Data JPA repositories in DEFAULT mode.
2026-08-26T18:41:36.356+02:00  INFO 1756 --- [  restartedMain] .s.d.r.c.RepositoryConfigurationDelegate : Finished Spring Data repository scanning in 1 ms. Found 0 JPA repository interfaces.
2026-08-26T18:41:36.928+02:00  INFO 1756 --- [  restartedMain] o.s.b.w.embedded.tomcat.TomcatWebServer  : Tomcat initialized with port 8082 (http)
2026-08-26T18:41:36.933+02:00  INFO 1756 --- [  restartedMain] o.apache.catalina.core.StandardService   : Starting service [Tomcat]
2026-08-26T18:41:36.934+02:00  INFO 1756 --- [  restartedMain] o.apache.catalina.core.StandardEngine    : Starting Servlet engine: [Apache Tomcat/10.1.41]
2026-08-26T18:41:36.990+02:00  INFO 1756 --- [  restartedMain] o.a.c.c.C.[Tomcat].[localhost].[/]       : Initializing Spring embedded WebApplicationContext
2026-08-26T18:41:36.995+02:00  INFO 1756 --- [  restartedMain] w.s.c.ServletWebServerApplicationContext : Root WebApplicationContext: initialization completed in 1681 ms
2026-08-26T18:41:37.952+02:00  INFO 1756 --- [  restartedMain] o.hibernate.jpa.internal.util.LogHelper  : HHH000204: Processing PersistenceUnitInfo [name: default]
2026-08-26T18:41:37.965+02:00  INFO 1756 --- [  restartedMain] o.h.c.internal.RegionFactoryInitiator    : HHH000026: Second-level cache disabled
2026-08-26T18:41:37.994+02:00  INFO 1756 --- [  restartedMain] o.s.o.j.p.SpringPersistenceUnitInfo      : No LoadTimeWeaver setup: ignoring JPA class transformer
2026-08-26T18:41:37.999+02:00  INFO 1756 --- [  restartedMain] com.zaxxer.hikari.HikariDataSource       : HikariPool-8 - Starting...
2026-08-26T18:41:39.079+02:00  INFO 1756 --- [  restartedMain] com.zaxxer.hikari.pool.HikariPool        : HikariPool-8 - Added connection org.postgresql.jdbc.PgConnection@18341471
2026-08-26T18:41:39.080+02:00  INFO 1756 --- [  restartedMain] com.zaxxer.hikari.HikariDataSource       : HikariPool-8 - Start completed.
2026-08-26T18:41:40.487+02:00  INFO 1756 --- [  restartedMain] org.hibernate.orm.connections.pooling    : HHH10001005: Database info:
	Database JDBC URL [Connecting through datasource 'HikariDataSource (HikariPool-8)']
	Database driver: undefined/unknown
	Database version: 15.19
	Autocommit mode: undefined/unknown
	Isolation level: undefined/unknown
	Minimum pool size: undefined/unknown
	Maximum pool size: undefined/unknown
2026-08-26T18:41:40.550+02:00  INFO 1756 --- [  restartedMain] o.h.e.t.j.p.i.JtaPlatformInitiator       : HHH000489: No JTA platform available (set 'hibernate.transaction.jta.platform' to enable JTA platform integration)
2026-08-26T18:41:40.552+02:00  INFO 1756 --- [  restartedMain] j.LocalContainerEntityManagerFactoryBean : Initialized JPA EntityManagerFactory for persistence unit 'default'
2026-08-26T18:41:42.546+02:00  INFO 1756 --- [  restartedMain] o.s.b.a.h2.H2ConsoleAutoConfiguration    : H2 console available at '/h2-console'. Database available at 'jdbc:postgresql://localhost:5440/padelService'
2026-08-26T18:41:42.637+02:00  WARN 1756 --- [  restartedMain] .s.s.UserDetailsServiceAutoConfiguration : 

Using generated security password: b2a0ddfc-2331-4432-9dbf-ed78dba3c620

This generated password is for development use only. Your security configuration must be updated before running your application in production.

2026-08-26T18:41:42.640+02:00  INFO 1756 --- [  restartedMain] r$InitializeUserDetailsManagerConfigurer : Global AuthenticationManager configured with UserDetailsService bean with name inMemoryUserDetailsManager
2026-08-26T18:41:42.985+02:00  INFO 1756 --- [  restartedMain] o.s.b.d.a.OptionalLiveReloadServer       : LiveReload server is running on port 35729
2026-08-26T18:41:43.068+02:00  INFO 1756 --- [  restartedMain] o.s.b.w.embedded.tomcat.TomcatWebServer  : Tomcat started on port 8082 (http) with context path '/'
2026-08-26T18:41:43.086+02:00  INFO 1756 --- [  restartedMain] com.padell.padell.PadellApplication      : Started PadellApplication in 7.89 seconds (process running for 4913.041)
2026-08-26T18:41:43.089+02:00  INFO 1756 --- [  restartedMain] .ConditionEvaluationDeltaLoggingListener : Condition evaluation delta:


==========================
CONDITION EVALUATION DELTA
==========================


Positive matches:
-----------------

    None


Negative matches:
-----------------

   JpaBaseConfiguration.JpaWebConfiguration:
      Did not match:
         - @ConditionalOnBooleanProperty (spring.jpa.open-in-view=true) found different value in property 'spring.jpa.open-in-view' (OnPropertyCondition)
      Matched:
         - @ConditionalOnClass found required class 'org.springframework.web.servlet.config.annotation.WebMvcConfigurer' (OnClassCondition)
         - found 'session' scope (OnWebApplicationCondition)


Exclusions:
-----------

    None


Unconditional classes:
----------------------

    None



2026-08-26T18:41:53.596+02:00  INFO 1756 --- [   File Watcher] rtingClassPathChangeChangedEventListener : Restarting due to 115 class path changes (115 additions, 0 deletions, 0 modifications)
2026-08-26T18:41:53.763+02:00  INFO 1756 --- [      Thread-32] o.s.b.w.e.tomcat.GracefulShutdown        : Commencing graceful shutdown. Waiting for active requests to complete
2026-08-26T18:41:53.843+02:00  INFO 1756 --- [tomcat-shutdown] o.s.b.w.e.tomcat.GracefulShutdown        : Graceful shutdown complete
2026-08-26T18:41:53.847+02:00  INFO 1756 --- [      Thread-32] j.LocalContainerEntityManagerFactoryBean : Closing JPA EntityManagerFactory for persistence unit 'default'
2026-08-26T18:41:53.849+02:00  INFO 1756 --- [      Thread-32] com.zaxxer.hikari.HikariDataSource       : HikariPool-8 - Shutdown initiated...
2026-08-26T18:41:53.862+02:00  INFO 1756 --- [      Thread-32] com.zaxxer.hikari.HikariDataSource       : HikariPool-8 - Shutdown completed.

  .   ____          _            __ _ _
 /\\ / ___'_ __ _ _(_)_ __  __ _ \ \ \ \
( ( )\___ | '_ | '_| | '_ \/ _` | \ \ \ \
 \\/  ___)| |_)| | | | | || (_| |  ) ) ) )
  '  |____| .__|_| |_|_| |_\__, | / / / /
 =========|_|==============|___/=/_/_/_/

 :: Spring Boot ::                (v3.5.0)

2026-08-26T18:41:54.271+02:00  INFO 1756 --- [  restartedMain] com.padell.padell.PadellApplication      : Starting PadellApplication using Java 21.0.9 with PID 1756 (C:\Users\user\Desktop\padellAou\target\classes started by user in C:\Users\user\Desktop\padellAou)
2026-08-26T18:41:54.272+02:00  INFO 1756 --- [  restartedMain] com.padell.padell.PadellApplication      : No active profile set, falling back to 1 default profile: "default"
2026-08-26T18:41:58.959+02:00  INFO 1756 --- [  restartedMain] .s.d.r.c.RepositoryConfigurationDelegate : Bootstrapping Spring Data JPA repositories in DEFAULT mode.
2026-08-26T18:41:59.093+02:00  INFO 1756 --- [  restartedMain] .s.d.r.c.RepositoryConfigurationDelegate : Finished Spring Data repository scanning in 131 ms. Found 9 JPA repository interfaces.
2026-08-26T18:42:00.493+02:00  INFO 1756 --- [  restartedMain] o.s.b.w.embedded.tomcat.TomcatWebServer  : Tomcat initialized with port 8082 (http)
2026-08-26T18:42:00.496+02:00  INFO 1756 --- [  restartedMain] o.apache.catalina.core.StandardService   : Starting service [Tomcat]
2026-08-26T18:42:00.498+02:00  INFO 1756 --- [  restartedMain] o.apache.catalina.core.StandardEngine    : Starting Servlet engine: [Apache Tomcat/10.1.41]
2026-08-26T18:42:00.538+02:00  INFO 1756 --- [  restartedMain] o.a.c.c.C.[Tomcat].[localhost].[/]       : Initializing Spring embedded WebApplicationContext
2026-08-26T18:42:00.539+02:00  INFO 1756 --- [  restartedMain] w.s.c.ServletWebServerApplicationContext : Root WebApplicationContext: initialization completed in 6259 ms
2026-08-26T18:42:01.217+02:00  INFO 1756 --- [  restartedMain] o.hibernate.jpa.internal.util.LogHelper  : HHH000204: Processing PersistenceUnitInfo [name: default]
2026-08-26T18:42:01.230+02:00  INFO 1756 --- [  restartedMain] o.h.c.internal.RegionFactoryInitiator    : HHH000026: Second-level cache disabled
2026-08-26T18:42:01.266+02:00  INFO 1756 --- [  restartedMain] o.s.o.j.p.SpringPersistenceUnitInfo      : No LoadTimeWeaver setup: ignoring JPA class transformer
2026-08-26T18:42:01.269+02:00  INFO 1756 --- [  restartedMain] com.zaxxer.hikari.HikariDataSource       : HikariPool-9 - Starting...
2026-08-26T18:42:01.404+02:00  INFO 1756 --- [  restartedMain] com.zaxxer.hikari.pool.HikariPool        : HikariPool-9 - Added connection org.postgresql.jdbc.PgConnection@18cc6
2026-08-26T18:42:01.406+02:00  INFO 1756 --- [  restartedMain] com.zaxxer.hikari.HikariDataSource       : HikariPool-9 - Start completed.
2026-08-26T18:42:01.446+02:00  INFO 1756 --- [  restartedMain] org.hibernate.orm.connections.pooling    : HHH10001005: Database info:
	Database JDBC URL [Connecting through datasource 'HikariDataSource (HikariPool-9)']
	Database driver: undefined/unknown
	Database version: 15.19
	Autocommit mode: undefined/unknown
	Isolation level: undefined/unknown
	Minimum pool size: undefined/unknown
	Maximum pool size: undefined/unknown
2026-08-26T18:42:04.106+02:00  INFO 1756 --- [  restartedMain] o.h.e.t.j.p.i.JtaPlatformInitiator       : HHH000489: No JTA platform available (set 'hibernate.transaction.jta.platform' to enable JTA platform integration)
2026-08-26T18:42:14.000+02:00  INFO 1756 --- [  restartedMain] j.LocalContainerEntityManagerFactoryBean : Initialized JPA EntityManagerFactory for persistence unit 'default'
2026-08-26T18:42:18.846+02:00  INFO 1756 --- [  restartedMain] o.s.b.a.h2.H2ConsoleAutoConfiguration    : H2 console available at '/h2-console'. Database available at 'jdbc:postgresql://localhost:5440/padelService'
2026-08-26T18:42:19.124+02:00  INFO 1756 --- [  restartedMain] o.s.b.d.a.OptionalLiveReloadServer       : LiveReload server is running on port 35729
2026-08-26T18:42:19.216+02:00  INFO 1756 --- [  restartedMain] o.s.b.w.embedded.tomcat.TomcatWebServer  : Tomcat started on port 8082 (http) with context path '/'
2026-08-26T18:42:19.232+02:00  INFO 1756 --- [  restartedMain] com.padell.padell.PadellApplication      : Started PadellApplication in 25.177 seconds (process running for 4949.186)
Hibernate: select m1_0.id,m1_0.created_at,m1_0.email,m1_0.matricule,m1_0.nom,m1_0.password_hash,m1_0.prenom,s1_0.id,s1_0.adresse,s1_0.annee_civile,s1_0.created_at,s1_0.duree_entre_match_minutes,s1_0.duree_match_minutes,s1_0.heure_fermeture,s1_0.heure_ouverture,s1_0.nom,s1_0.updated_at,m1_0.solde,m1_0.type_membre,m1_0.updated_at from membres m1_0 left join sites s1_0 on s1_0.id=m1_0.site_id
Hibernate: select count(*) from sites s1_0
Hibernate: select count(*) from matches m1_0
Hibernate: select m1_0.id,m1_0.created_at,m1_0.email,m1_0.matricule,m1_0.nom,m1_0.password_hash,m1_0.prenom,s1_0.id,s1_0.adresse,s1_0.annee_civile,s1_0.created_at,s1_0.duree_entre_match_minutes,s1_0.duree_match_minutes,s1_0.heure_fermeture,s1_0.heure_ouverture,s1_0.nom,s1_0.updated_at,m1_0.solde,m1_0.type_membre,m1_0.updated_at from membres m1_0 left join sites s1_0 on s1_0.id=m1_0.site_id where upper(m1_0.matricule)=upper(?)
Hibernate: select p1_0.id from penalites p1_0 left join membres m1_0 on m1_0.id=p1_0.membre_id where m1_0.id=? and p1_0.date_fin>? fetch first ? rows only
Hibernate: select m1_0.id,m1_0.created_at,m1_0.email,m1_0.matricule,m1_0.nom,m1_0.password_hash,m1_0.prenom,s1_0.id,s1_0.adresse,s1_0.annee_civile,s1_0.created_at,s1_0.duree_entre_match_minutes,s1_0.duree_match_minutes,s1_0.heure_fermeture,s1_0.heure_ouverture,s1_0.nom,s1_0.updated_at,m1_0.solde,m1_0.type_membre,m1_0.updated_at from membres m1_0 left join sites s1_0 on s1_0.id=m1_0.site_id where upper(m1_0.matricule)=upper(?)
Hibernate: select m1_0.id,m1_0.created_at,m1_0.email,mo1_0.organisateur_id,mo1_0.id,mo1_0.created_at,mo1_0.date_conversion_public,mo1_0.date_debut,mo1_0.date_fin,mo1_0.nb_joueurs_actuels,mo1_0.prix_par_joueur,mo1_0.prix_total,mo1_0.statut,mo1_0.terrain_id,mo1_0.type_match,mo1_0.updated_at,m1_0.matricule,m1_0.nom,m1_0.password_hash,m1_0.prenom,m1_0.site_id,m1_0.solde,m1_0.type_membre,m1_0.updated_at from membres m1_0 left join matches mo1_0 on m1_0.id=mo1_0.organisateur_id where m1_0.id=?
Hibernate: select r1_0.match_id,r1_0.id,r1_0.created_at,r1_0.membre_id,p1_0.id,p1_0.created_at,p1_0.date_paiement,p1_0.montant,p1_0.reservation_id,p1_0.statut,p1_0.updated_at,r1_0.statut,r1_0.updated_at from reservations r1_0 left join paiements p1_0 on r1_0.id=p1_0.reservation_id where r1_0.match_id=?
Hibernate: select r1_0.membre_id,r1_0.id,r1_0.created_at,r1_0.match_id,p1_0.id,p1_0.created_at,p1_0.date_paiement,p1_0.montant,p1_0.reservation_id,p1_0.statut,p1_0.updated_at,r1_0.statut,r1_0.updated_at from reservations r1_0 left join paiements p1_0 on r1_0.id=p1_0.reservation_id where r1_0.membre_id=?
Hibernate: select p1_0.membre_id,p1_0.id,p1_0.created_at,p1_0.date_fin,p1_0.motif,p1_0.updated_at from penalites p1_0 where p1_0.membre_id=?
Hibernate: select r1_0.match_id,r1_0.id,r1_0.created_at,r1_0.membre_id,p1_0.id,p1_0.created_at,p1_0.date_paiement,p1_0.montant,p1_0.reservation_id,p1_0.statut,p1_0.updated_at,r1_0.statut,r1_0.updated_at from reservations r1_0 left join paiements p1_0 on r1_0.id=p1_0.reservation_id where r1_0.match_id=?
Hibernate: update membres set email=?,matricule=?,nom=?,password_hash=?,prenom=?,site_id=?,solde=?,type_membre=?,updated_at=? where id=?
Hibernate: select m1_0.id,m1_0.created_at,m1_0.email,m1_0.matricule,m1_0.nom,m1_0.password_hash,m1_0.prenom,s1_0.id,s1_0.adresse,s1_0.annee_civile,s1_0.created_at,s1_0.duree_entre_match_minutes,s1_0.duree_match_minutes,s1_0.heure_fermeture,s1_0.heure_ouverture,s1_0.nom,s1_0.updated_at,m1_0.solde,m1_0.type_membre,m1_0.updated_at from membres m1_0 left join sites s1_0 on s1_0.id=m1_0.site_id where upper(m1_0.matricule)=upper(?)
Hibernate: select m1_0.id,m1_0.created_at,m1_0.email,mo1_0.organisateur_id,mo1_0.id,mo1_0.created_at,mo1_0.date_conversion_public,mo1_0.date_debut,mo1_0.date_fin,mo1_0.nb_joueurs_actuels,mo1_0.prix_par_joueur,mo1_0.prix_total,mo1_0.statut,mo1_0.terrain_id,mo1_0.type_match,mo1_0.updated_at,m1_0.matricule,m1_0.nom,m1_0.password_hash,m1_0.prenom,m1_0.site_id,m1_0.solde,m1_0.type_membre,m1_0.updated_at from membres m1_0 left join matches mo1_0 on m1_0.id=mo1_0.organisateur_id where m1_0.id=?
Hibernate: select r1_0.membre_id,r1_0.id,r1_0.created_at,r1_0.match_id,p1_0.id,p1_0.created_at,p1_0.date_paiement,p1_0.montant,p1_0.reservation_id,p1_0.statut,p1_0.updated_at,r1_0.statut,r1_0.updated_at from reservations r1_0 left join paiements p1_0 on r1_0.id=p1_0.reservation_id where r1_0.membre_id=?
Hibernate: select p1_0.membre_id,p1_0.id,p1_0.created_at,p1_0.date_fin,p1_0.motif,p1_0.updated_at from penalites p1_0 where p1_0.membre_id=?
Hibernate: update membres set email=?,matricule=?,nom=?,password_hash=?,prenom=?,site_id=?,solde=?,type_membre=?,updated_at=? where id=?
Hibernate: select m1_0.id,m1_0.created_at,m1_0.email,m1_0.matricule,m1_0.nom,m1_0.password_hash,m1_0.prenom,s1_0.id,s1_0.adresse,s1_0.annee_civile,s1_0.created_at,s1_0.duree_entre_match_minutes,s1_0.duree_match_minutes,s1_0.heure_fermeture,s1_0.heure_ouverture,s1_0.nom,s1_0.updated_at,m1_0.solde,m1_0.type_membre,m1_0.updated_at from membres m1_0 left join sites s1_0 on s1_0.id=m1_0.site_id where upper(m1_0.matricule)=upper(?)
Hibernate: select m1_0.id,m1_0.created_at,m1_0.email,mo1_0.organisateur_id,mo1_0.id,mo1_0.created_at,mo1_0.date_conversion_public,mo1_0.date_debut,mo1_0.date_fin,mo1_0.nb_joueurs_actuels,mo1_0.prix_par_joueur,mo1_0.prix_total,mo1_0.statut,mo1_0.terrain_id,mo1_0.type_match,mo1_0.updated_at,m1_0.matricule,m1_0.nom,m1_0.password_hash,m1_0.prenom,m1_0.site_id,m1_0.solde,m1_0.type_membre,m1_0.updated_at from membres m1_0 left join matches mo1_0 on m1_0.id=mo1_0.organisateur_id where m1_0.id=?
Hibernate: select r1_0.membre_id,r1_0.id,r1_0.created_at,r1_0.match_id,p1_0.id,p1_0.created_at,p1_0.date_paiement,p1_0.montant,p1_0.reservation_id,p1_0.statut,p1_0.updated_at,r1_0.statut,r1_0.updated_at from reservations r1_0 left join paiements p1_0 on r1_0.id=p1_0.reservation_id where r1_0.membre_id=?
Hibernate: select p1_0.membre_id,p1_0.id,p1_0.created_at,p1_0.date_fin,p1_0.motif,p1_0.updated_at from penalites p1_0 where p1_0.membre_id=?
Hibernate: select r1_0.match_id,r1_0.id,r1_0.created_at,r1_0.membre_id,p1_0.id,p1_0.created_at,p1_0.date_paiement,p1_0.montant,p1_0.reservation_id,p1_0.statut,p1_0.updated_at,r1_0.statut,r1_0.updated_at from reservations r1_0 left join paiements p1_0 on r1_0.id=p1_0.reservation_id where r1_0.match_id=?
Hibernate: update membres set email=?,matricule=?,nom=?,password_hash=?,prenom=?,site_id=?,solde=?,type_membre=?,updated_at=? where id=?
Hibernate: select m1_0.id,m1_0.created_at,m1_0.email,m1_0.matricule,m1_0.nom,m1_0.password_hash,m1_0.prenom,s1_0.id,s1_0.adresse,s1_0.annee_civile,s1_0.created_at,s1_0.duree_entre_match_minutes,s1_0.duree_match_minutes,s1_0.heure_fermeture,s1_0.heure_ouverture,s1_0.nom,s1_0.updated_at,m1_0.solde,m1_0.type_membre,m1_0.updated_at from membres m1_0 left join sites s1_0 on s1_0.id=m1_0.site_id where upper(m1_0.matricule)=upper(?)
Hibernate: select m1_0.id,m1_0.created_at,m1_0.email,mo1_0.organisateur_id,mo1_0.id,mo1_0.created_at,mo1_0.date_conversion_public,mo1_0.date_debut,mo1_0.date_fin,mo1_0.nb_joueurs_actuels,mo1_0.prix_par_joueur,mo1_0.prix_total,mo1_0.statut,mo1_0.terrain_id,mo1_0.type_match,mo1_0.updated_at,m1_0.matricule,m1_0.nom,m1_0.password_hash,m1_0.prenom,m1_0.site_id,m1_0.solde,m1_0.type_membre,m1_0.updated_at from membres m1_0 left join matches mo1_0 on m1_0.id=mo1_0.organisateur_id where m1_0.id=?
Hibernate: select r1_0.membre_id,r1_0.id,r1_0.created_at,r1_0.match_id,p1_0.id,p1_0.created_at,p1_0.date_paiement,p1_0.montant,p1_0.reservation_id,p1_0.statut,p1_0.updated_at,r1_0.statut,r1_0.updated_at from reservations r1_0 left join paiements p1_0 on r1_0.id=p1_0.reservation_id where r1_0.membre_id=?
Hibernate: select p1_0.membre_id,p1_0.id,p1_0.created_at,p1_0.date_fin,p1_0.motif,p1_0.updated_at from penalites p1_0 where p1_0.membre_id=?
Hibernate: select r1_0.match_id,r1_0.id,r1_0.created_at,r1_0.membre_id,p1_0.id,p1_0.created_at,p1_0.date_paiement,p1_0.montant,p1_0.reservation_id,p1_0.statut,p1_0.updated_at,r1_0.statut,r1_0.updated_at from reservations r1_0 left join paiements p1_0 on r1_0.id=p1_0.reservation_id where r1_0.match_id=?
Hibernate: update membres set email=?,matricule=?,nom=?,password_hash=?,prenom=?,site_id=?,solde=?,type_membre=?,updated_at=? where id=?
Hibernate: select m1_0.id,m1_0.created_at,m1_0.email,m1_0.matricule,m1_0.nom,m1_0.password_hash,m1_0.prenom,s1_0.id,s1_0.adresse,s1_0.annee_civile,s1_0.created_at,s1_0.duree_entre_match_minutes,s1_0.duree_match_minutes,s1_0.heure_fermeture,s1_0.heure_ouverture,s1_0.nom,s1_0.updated_at,m1_0.solde,m1_0.type_membre,m1_0.updated_at from membres m1_0 left join sites s1_0 on s1_0.id=m1_0.site_id where upper(m1_0.matricule)=upper(?)
Hibernate: select m1_0.id,m1_0.created_at,m1_0.email,mo1_0.organisateur_id,mo1_0.id,mo1_0.created_at,mo1_0.date_conversion_public,mo1_0.date_debut,mo1_0.date_fin,mo1_0.nb_joueurs_actuels,mo1_0.prix_par_joueur,mo1_0.prix_total,mo1_0.statut,mo1_0.terrain_id,mo1_0.type_match,mo1_0.updated_at,m1_0.matricule,m1_0.nom,m1_0.password_hash,m1_0.prenom,m1_0.site_id,m1_0.solde,m1_0.type_membre,m1_0.updated_at from membres m1_0 left join matches mo1_0 on m1_0.id=mo1_0.organisateur_id where m1_0.id=?
Hibernate: select r1_0.membre_id,r1_0.id,r1_0.created_at,r1_0.match_id,p1_0.id,p1_0.created_at,p1_0.date_paiement,p1_0.montant,p1_0.reservation_id,p1_0.statut,p1_0.updated_at,r1_0.statut,r1_0.updated_at from reservations r1_0 left join paiements p1_0 on r1_0.id=p1_0.reservation_id where r1_0.membre_id=?
Hibernate: select p1_0.membre_id,p1_0.id,p1_0.created_at,p1_0.date_fin,p1_0.motif,p1_0.updated_at from penalites p1_0 where p1_0.membre_id=?
Hibernate: select r1_0.match_id,r1_0.id,r1_0.created_at,r1_0.membre_id,p1_0.id,p1_0.created_at,p1_0.date_paiement,p1_0.montant,p1_0.reservation_id,p1_0.statut,p1_0.updated_at,r1_0.statut,r1_0.updated_at from reservations r1_0 left join paiements p1_0 on r1_0.id=p1_0.reservation_id where r1_0.match_id=?
Hibernate: update membres set email=?,matricule=?,nom=?,password_hash=?,prenom=?,site_id=?,solde=?,type_membre=?,updated_at=? where id=?
Hibernate: select m1_0.id,m1_0.created_at,m1_0.email,m1_0.matricule,m1_0.nom,m1_0.password_hash,m1_0.prenom,s1_0.id,s1_0.adresse,s1_0.annee_civile,s1_0.created_at,s1_0.duree_entre_match_minutes,s1_0.duree_match_minutes,s1_0.heure_fermeture,s1_0.heure_ouverture,s1_0.nom,s1_0.updated_at,m1_0.solde,m1_0.type_membre,m1_0.updated_at from membres m1_0 left join sites s1_0 on s1_0.id=m1_0.site_id where upper(m1_0.matricule)=upper(?)
Hibernate: select m1_0.id,m1_0.created_at,m1_0.email,mo1_0.organisateur_id,mo1_0.id,mo1_0.created_at,mo1_0.date_conversion_public,mo1_0.date_debut,mo1_0.date_fin,mo1_0.nb_joueurs_actuels,mo1_0.prix_par_joueur,mo1_0.prix_total,mo1_0.statut,mo1_0.terrain_id,mo1_0.type_match,mo1_0.updated_at,m1_0.matricule,m1_0.nom,m1_0.password_hash,m1_0.prenom,m1_0.site_id,m1_0.solde,m1_0.type_membre,m1_0.updated_at from membres m1_0 left join matches mo1_0 on m1_0.id=mo1_0.organisateur_id where m1_0.id=?
Hibernate: select r1_0.membre_id,r1_0.id,r1_0.created_at,r1_0.match_id,p1_0.id,p1_0.created_at,p1_0.date_paiement,p1_0.montant,p1_0.reservation_id,p1_0.statut,p1_0.updated_at,r1_0.statut,r1_0.updated_at from reservations r1_0 left join paiements p1_0 on r1_0.id=p1_0.reservation_id where r1_0.membre_id=?
Hibernate: select p1_0.membre_id,p1_0.id,p1_0.created_at,p1_0.date_fin,p1_0.motif,p1_0.updated_at from penalites p1_0 where p1_0.membre_id=?
Hibernate: update membres set email=?,matricule=?,nom=?,password_hash=?,prenom=?,site_id=?,solde=?,type_membre=?,updated_at=? where id=?
Hibernate: select a1_0.id,a1_0.created_at,a1_0.email,a1_0.matricule,a1_0.nom,a1_0.password_hash,a1_0.prenom,a1_0.site_id,a1_0.type_administrateur,a1_0.updated_at from administrateurs a1_0 where a1_0.email=?
Hibernate: select a1_0.id,a1_0.created_at,a1_0.email,a1_0.matricule,a1_0.nom,a1_0.password_hash,a1_0.prenom,a1_0.site_id,a1_0.type_administrateur,a1_0.updated_at from administrateurs a1_0 where a1_0.id=?
Hibernate: update administrateurs set email=?,matricule=?,nom=?,password_hash=?,prenom=?,site_id=?,type_administrateur=?,updated_at=? where id=?
Hibernate: select a1_0.id,a1_0.created_at,a1_0.email,a1_0.matricule,a1_0.nom,a1_0.password_hash,a1_0.prenom,a1_0.site_id,a1_0.type_administrateur,a1_0.updated_at from administrateurs a1_0 where a1_0.email=?
Hibernate: select a1_0.id,a1_0.created_at,a1_0.email,a1_0.matricule,a1_0.nom,a1_0.password_hash,a1_0.prenom,a1_0.site_id,a1_0.type_administrateur,a1_0.updated_at from administrateurs a1_0 where a1_0.id=?
Hibernate: update administrateurs set email=?,matricule=?,nom=?,password_hash=?,prenom=?,site_id=?,type_administrateur=?,updated_at=? where id=?
Hibernate: select a1_0.id,a1_0.created_at,a1_0.email,a1_0.matricule,a1_0.nom,a1_0.password_hash,a1_0.prenom,a1_0.site_id,a1_0.type_administrateur,a1_0.updated_at from administrateurs a1_0 where a1_0.email=?
Hibernate: select a1_0.id,a1_0.created_at,a1_0.email,a1_0.matricule,a1_0.nom,a1_0.password_hash,a1_0.prenom,a1_0.site_id,a1_0.type_administrateur,a1_0.updated_at from administrateurs a1_0 where a1_0.id=?
Hibernate: update administrateurs set email=?,matricule=?,nom=?,password_hash=?,prenom=?,site_id=?,type_administrateur=?,updated_at=? where id=?
2026-08-26T18:42:28.885+02:00  INFO 1756 --- [  restartedMain] com.padell.padell.DataInitializer        : DataInitializer : base de donnees deja initialisee, initialisation ignoree...
2026-08-26T18:42:28.888+02:00  INFO 1756 --- [  restartedMain] .ConditionEvaluationDeltaLoggingListener : Condition evaluation delta:


==========================
CONDITION EVALUATION DELTA
==========================


Positive matches:
-----------------

    None


Negative matches:
-----------------

   SpringBootWebSecurityConfiguration.SecurityFilterChainConfiguration:
      Did not match:
         - AllNestedConditions 1 matched 1 did not; NestedCondition on DefaultWebSecurityCondition.Beans @ConditionalOnMissingBean (types: org.springframework.security.web.SecurityFilterChain; SearchStrategy: all) found beans of type 'org.springframework.security.web.SecurityFilterChain' filterChain; NestedCondition on DefaultWebSecurityCondition.Classes @ConditionalOnClass found required classes 'org.springframework.security.web.SecurityFilterChain', 'org.springframework.security.config.annotation.web.builders.HttpSecurity' (DefaultWebSecurityCondition)

   SpringBootWebSecurityConfiguration.WebSecurityEnablerConfiguration:
      Did not match:
         - @ConditionalOnMissingBean (names: springSecurityFilterChain; SearchStrategy: all) found beans named springSecurityFilterChain (OnBeanCondition)
      Matched:
         - @ConditionalOnClass found required class 'org.springframework.security.config.annotation.web.configuration.EnableWebSecurity' (OnClassCondition)

   UserDetailsServiceAutoConfiguration:
      Did not match:
         - @ConditionalOnMissingBean (types: org.springframework.security.authentication.AuthenticationManager,org.springframework.security.authentication.AuthenticationProvider,org.springframework.security.core.userdetails.UserDetailsService,org.springframework.security.authentication.AuthenticationManagerResolver,?; SearchStrategy: all) found beans of type 'org.springframework.security.authentication.AuthenticationManager' authenticationManager (OnBeanCondition)
      Matched:
         - @ConditionalOnClass found required class 'org.springframework.security.authentication.AuthenticationManager' (OnClassCondition)
         - found 'session' scope (OnWebApplicationCondition)
         - AnyNestedCondition 1 matched 2 did not; NestedCondition on UserDetailsServiceAutoConfiguration.MissingAlternativeOrUserPropertiesConfigured.PasswordConfigured @ConditionalOnProperty (spring.security.user.password) did not find property 'spring.security.user.password'; NestedCondition on UserDetailsServiceAutoConfiguration.MissingAlternativeOrUserPropertiesConfigured.NameConfigured @ConditionalOnProperty (spring.security.user.name) did not find property 'spring.security.user.name'; NestedCondition on UserDetailsServiceAutoConfiguration.MissingAlternativeOrUserPropertiesConfigured.MissingAlternative @ConditionalOnMissingClass did not find unwanted classes 'org.springframework.security.oauth2.client.registration.ClientRegistrationRepository', 'org.springframework.security.oauth2.server.resource.introspection.OpaqueTokenIntrospector', 'org.springframework.security.saml2.provider.service.registration.RelyingPartyRegistrationRepository' (UserDetailsServiceAutoConfiguration.MissingAlternativeOrUserPropertiesConfigured)


Exclusions:
-----------

    None


Unconditional classes:
----------------------

    None



2026-08-26T18:49:13.253+02:00  INFO 1756 --- [nio-8082-exec-3] o.a.c.c.C.[Tomcat].[localhost].[/]       : Initializing Spring DispatcherServlet 'dispatcherServlet'
2026-08-26T18:49:13.271+02:00  INFO 1756 --- [nio-8082-exec-3] o.s.web.servlet.DispatcherServlet        : Initializing Servlet 'dispatcherServlet'
2026-08-26T18:49:13.299+02:00  INFO 1756 --- [nio-8082-exec-3] o.s.web.servlet.DispatcherServlet        : Completed initialization in 28 ms
2026-08-26T18:52:09.286+02:00  INFO 1756 --- [nio-8082-exec-1] o.springdoc.api.AbstractOpenApiResource  : Init duration for springdoc-openapi is: 1475 ms
2026-08-26T18:53:09.315+02:00  WARN 1756 --- [l-9:housekeeper] com.zaxxer.hikari.pool.PoolBase          : HikariPool-9 - Failed to validate connection org.postgresql.jdbc.PgConnection@18cc6 (This connection has been closed.). Possibly consider using a shorter maxLifetime value.
2026-08-26T18:53:23.228+02:00  WARN 1756 --- [l-9:housekeeper] com.zaxxer.hikari.pool.PoolBase          : HikariPool-9 - Failed to validate connection org.postgresql.jdbc.PgConnection@3f49cda2 (This connection has been closed.). Possibly consider using a shorter maxLifetime value.
2026-08-26T18:53:45.100+02:00  WARN 1756 --- [l-9:housekeeper] com.zaxxer.hikari.pool.PoolBase          : HikariPool-9 - Failed to validate connection org.postgresql.jdbc.PgConnection@4274fa82 (This connection has been closed.). Possibly consider using a shorter maxLifetime value.
2026-08-26T18:53:46.512+02:00  WARN 1756 --- [l-9:housekeeper] com.zaxxer.hikari.pool.PoolBase          : HikariPool-9 - Failed to validate connection org.postgresql.jdbc.PgConnection@3a2e7a26 (This connection has been closed.). Possibly consider using a shorter maxLifetime value.
2026-08-26T18:53:51.528+02:00  WARN 1756 --- [l-9:housekeeper] com.zaxxer.hikari.pool.PoolBase          : HikariPool-9 - Failed to validate connection org.postgresql.jdbc.PgConnection@1a64ab60 (This connection has been closed.). Possibly consider using a shorter maxLifetime value.
2026-08-26T18:53:56.275+02:00  WARN 1756 --- [l-9:housekeeper] com.zaxxer.hikari.pool.PoolBase          : HikariPool-9 - Failed to validate connection org.postgresql.jdbc.PgConnection@681ced3c (This connection has been closed.). Possibly consider using a shorter maxLifetime value.
2026-08-26T18:53:56.845+02:00  WARN 1756 --- [l-9:housekeeper] com.zaxxer.hikari.pool.PoolBase          : HikariPool-9 - Failed to validate connection org.postgresql.jdbc.PgConnection@212a5553 (This connection has been closed.). Possibly consider using a shorter maxLifetime value.
2026-08-26T18:54:05.299+02:00  WARN 1756 --- [l-9:housekeeper] com.zaxxer.hikari.pool.PoolBase          : HikariPool-9 - Failed to validate connection org.postgresql.jdbc.PgConnection@1e2ad5bd (This connection has been closed.). Possibly consider using a shorter maxLifetime value.
2026-08-26T18:54:39.477+02:00  WARN 1756 --- [l-9:housekeeper] com.zaxxer.hikari.pool.PoolBase          : HikariPool-9 - Failed to validate connection org.postgresql.jdbc.PgConnection@61134212 (This connection has been closed.). Possibly consider using a shorter maxLifetime value.
2026-08-26T18:54:45.355+02:00  WARN 1756 --- [l-9:housekeeper] com.zaxxer.hikari.pool.PoolBase          : HikariPool-9 - Failed to validate connection org.postgresql.jdbc.PgConnection@5a2fab62 (This connection has been closed.). Possibly consider using a shorter maxLifetime value.
2026-08-26T18:54:55.517+02:00  INFO 1756 --- [   File Watcher] rtingClassPathChangeChangedEventListener : Restarting due to 1 class path change (0 additions, 0 deletions, 1 modification)
2026-08-26T18:54:55.574+02:00  INFO 1756 --- [      Thread-36] o.s.b.w.e.tomcat.GracefulShutdown        : Commencing graceful shutdown. Waiting for active requests to complete
2026-08-26T18:54:55.603+02:00  INFO 1756 --- [tomcat-shutdown] o.s.b.w.e.tomcat.GracefulShutdown        : Graceful shutdown complete
2026-08-26T18:54:55.680+02:00  INFO 1756 --- [      Thread-36] j.LocalContainerEntityManagerFactoryBean : Closing JPA EntityManagerFactory for persistence unit 'default'
2026-08-26T18:54:55.742+02:00  INFO 1756 --- [      Thread-36] com.zaxxer.hikari.HikariDataSource       : HikariPool-9 - Shutdown initiated...
2026-08-26T18:54:55.758+02:00  INFO 1756 --- [      Thread-36] com.zaxxer.hikari.HikariDataSource       : HikariPool-9 - Shutdown completed.

  .   ____          _            __ _ _
 /\\ / ___'_ __ _ _(_)_ __  __ _ \ \ \ \
( ( )\___ | '_ | '_| | '_ \/ _` | \ \ \ \
 \\/  ___)| |_)| | | | | || (_| |  ) ) ) )
  '  |____| .__|_| |_|_| |_\__, | / / / /
 =========|_|==============|___/=/_/_/_/

 :: Spring Boot ::                (v3.5.0)

2026-08-26T18:54:57.309+02:00  INFO 1756 --- [  restartedMain] com.padell.padell.PadellApplication      : Starting PadellApplication using Java 21.0.9 with PID 1756 (C:\Users\user\Desktop\padellAou\target\classes started by user in C:\Users\user\Desktop\padellAou)
2026-08-26T18:54:57.311+02:00  INFO 1756 --- [  restartedMain] com.padell.padell.PadellApplication      : No active profile set, falling back to 1 default profile: "default"
2026-08-26T18:54:58.439+02:00  INFO 1756 --- [  restartedMain] .s.d.r.c.RepositoryConfigurationDelegate : Bootstrapping Spring Data JPA repositories in DEFAULT mode.
2026-08-26T18:54:58.547+02:00  INFO 1756 --- [  restartedMain] .s.d.r.c.RepositoryConfigurationDelegate : Finished Spring Data repository scanning in 105 ms. Found 9 JPA repository interfaces.
2026-08-26T18:54:59.257+02:00  INFO 1756 --- [  restartedMain] o.s.b.w.embedded.tomcat.TomcatWebServer  : Tomcat initialized with port 8082 (http)
2026-08-26T18:54:59.262+02:00  INFO 1756 --- [  restartedMain] o.apache.catalina.core.StandardService   : Starting service [Tomcat]
2026-08-26T18:54:59.263+02:00  INFO 1756 --- [  restartedMain] o.apache.catalina.core.StandardEngine    : Starting Servlet engine: [Apache Tomcat/10.1.41]
2026-08-26T18:54:59.399+02:00  INFO 1756 --- [  restartedMain] o.a.c.c.C.[Tomcat].[localhost].[/]       : Initializing Spring embedded WebApplicationContext
2026-08-26T18:54:59.400+02:00  INFO 1756 --- [  restartedMain] w.s.c.ServletWebServerApplicationContext : Root WebApplicationContext: initialization completed in 2067 ms
2026-08-26T18:54:59.625+02:00  INFO 1756 --- [  restartedMain] o.hibernate.jpa.internal.util.LogHelper  : HHH000204: Processing PersistenceUnitInfo [name: default]
2026-08-26T18:54:59.631+02:00  INFO 1756 --- [  restartedMain] o.h.c.internal.RegionFactoryInitiator    : HHH000026: Second-level cache disabled
2026-08-26T18:54:59.658+02:00  INFO 1756 --- [  restartedMain] o.s.o.j.p.SpringPersistenceUnitInfo      : No LoadTimeWeaver setup: ignoring JPA class transformer
2026-08-26T18:54:59.662+02:00  INFO 1756 --- [  restartedMain] com.zaxxer.hikari.HikariDataSource       : HikariPool-10 - Starting...
2026-08-26T18:54:59.748+02:00  INFO 1756 --- [  restartedMain] com.zaxxer.hikari.pool.HikariPool        : HikariPool-10 - Added connection org.postgresql.jdbc.PgConnection@116d6ac5
2026-08-26T18:54:59.749+02:00  INFO 1756 --- [  restartedMain] com.zaxxer.hikari.HikariDataSource       : HikariPool-10 - Start completed.
2026-08-26T18:54:59.773+02:00  INFO 1756 --- [  restartedMain] org.hibernate.orm.connections.pooling    : HHH10001005: Database info:
	Database JDBC URL [Connecting through datasource 'HikariDataSource (HikariPool-10)']
	Database driver: undefined/unknown
	Database version: 15.19
	Autocommit mode: undefined/unknown
	Isolation level: undefined/unknown
	Minimum pool size: undefined/unknown
	Maximum pool size: undefined/unknown
2026-08-26T18:55:00.363+02:00  INFO 1756 --- [  restartedMain] o.h.e.t.j.p.i.JtaPlatformInitiator       : HHH000489: No JTA platform available (set 'hibernate.transaction.jta.platform' to enable JTA platform integration)
2026-08-26T18:55:02.818+02:00  INFO 1756 --- [  restartedMain] j.LocalContainerEntityManagerFactoryBean : Initialized JPA EntityManagerFactory for persistence unit 'default'
2026-08-26T18:55:04.328+02:00  INFO 1756 --- [  restartedMain] o.s.b.a.h2.H2ConsoleAutoConfiguration    : H2 console available at '/h2-console'. Database available at 'jdbc:postgresql://localhost:5440/padelService'
2026-08-26T18:55:04.425+02:00  INFO 1756 --- [  restartedMain] o.s.b.d.a.OptionalLiveReloadServer       : LiveReload server is running on port 35729
2026-08-26T18:55:04.447+02:00  INFO 1756 --- [  restartedMain] o.s.b.w.embedded.tomcat.TomcatWebServer  : Tomcat started on port 8082 (http) with context path '/'
2026-08-26T18:55:04.460+02:00  INFO 1756 --- [  restartedMain] com.padell.padell.PadellApplication      : Started PadellApplication in 7.552 seconds (process running for 5714.414)
Hibernate: select m1_0.id,m1_0.created_at,m1_0.email,m1_0.matricule,m1_0.nom,m1_0.password_hash,m1_0.prenom,s1_0.id,s1_0.adresse,s1_0.annee_civile,s1_0.created_at,s1_0.duree_entre_match_minutes,s1_0.duree_match_minutes,s1_0.heure_fermeture,s1_0.heure_ouverture,s1_0.nom,s1_0.updated_at,m1_0.solde,m1_0.type_membre,m1_0.updated_at from membres m1_0 left join sites s1_0 on s1_0.id=m1_0.site_id
Hibernate: select count(*) from sites s1_0
Hibernate: select count(*) from matches m1_0
Hibernate: select m1_0.id,m1_0.created_at,m1_0.email,m1_0.matricule,m1_0.nom,m1_0.password_hash,m1_0.prenom,s1_0.id,s1_0.adresse,s1_0.annee_civile,s1_0.created_at,s1_0.duree_entre_match_minutes,s1_0.duree_match_minutes,s1_0.heure_fermeture,s1_0.heure_ouverture,s1_0.nom,s1_0.updated_at,m1_0.solde,m1_0.type_membre,m1_0.updated_at from membres m1_0 left join sites s1_0 on s1_0.id=m1_0.site_id where upper(m1_0.matricule)=upper(?)
Hibernate: select p1_0.id from penalites p1_0 left join membres m1_0 on m1_0.id=p1_0.membre_id where m1_0.id=? and p1_0.date_fin>? fetch first ? rows only
Hibernate: select m1_0.id,m1_0.created_at,m1_0.email,m1_0.matricule,m1_0.nom,m1_0.password_hash,m1_0.prenom,s1_0.id,s1_0.adresse,s1_0.annee_civile,s1_0.created_at,s1_0.duree_entre_match_minutes,s1_0.duree_match_minutes,s1_0.heure_fermeture,s1_0.heure_ouverture,s1_0.nom,s1_0.updated_at,m1_0.solde,m1_0.type_membre,m1_0.updated_at from membres m1_0 left join sites s1_0 on s1_0.id=m1_0.site_id where upper(m1_0.matricule)=upper(?)
Hibernate: select m1_0.id,m1_0.created_at,m1_0.email,mo1_0.organisateur_id,mo1_0.id,mo1_0.created_at,mo1_0.date_conversion_public,mo1_0.date_debut,mo1_0.date_fin,mo1_0.nb_joueurs_actuels,mo1_0.prix_par_joueur,mo1_0.prix_total,mo1_0.statut,mo1_0.terrain_id,mo1_0.type_match,mo1_0.updated_at,m1_0.matricule,m1_0.nom,m1_0.password_hash,m1_0.prenom,m1_0.site_id,m1_0.solde,m1_0.type_membre,m1_0.updated_at from membres m1_0 left join matches mo1_0 on m1_0.id=mo1_0.organisateur_id where m1_0.id=?
Hibernate: select r1_0.match_id,r1_0.id,r1_0.created_at,r1_0.membre_id,p1_0.id,p1_0.created_at,p1_0.date_paiement,p1_0.montant,p1_0.reservation_id,p1_0.statut,p1_0.updated_at,r1_0.statut,r1_0.updated_at from reservations r1_0 left join paiements p1_0 on r1_0.id=p1_0.reservation_id where r1_0.match_id=?
Hibernate: select r1_0.membre_id,r1_0.id,r1_0.created_at,r1_0.match_id,p1_0.id,p1_0.created_at,p1_0.date_paiement,p1_0.montant,p1_0.reservation_id,p1_0.statut,p1_0.updated_at,r1_0.statut,r1_0.updated_at from reservations r1_0 left join paiements p1_0 on r1_0.id=p1_0.reservation_id where r1_0.membre_id=?
Hibernate: select p1_0.membre_id,p1_0.id,p1_0.created_at,p1_0.date_fin,p1_0.motif,p1_0.updated_at from penalites p1_0 where p1_0.membre_id=?
Hibernate: select r1_0.match_id,r1_0.id,r1_0.created_at,r1_0.membre_id,p1_0.id,p1_0.created_at,p1_0.date_paiement,p1_0.montant,p1_0.reservation_id,p1_0.statut,p1_0.updated_at,r1_0.statut,r1_0.updated_at from reservations r1_0 left join paiements p1_0 on r1_0.id=p1_0.reservation_id where r1_0.match_id=?
Hibernate: update membres set email=?,matricule=?,nom=?,password_hash=?,prenom=?,site_id=?,solde=?,type_membre=?,updated_at=? where id=?
Hibernate: select m1_0.id,m1_0.created_at,m1_0.email,m1_0.matricule,m1_0.nom,m1_0.password_hash,m1_0.prenom,s1_0.id,s1_0.adresse,s1_0.annee_civile,s1_0.created_at,s1_0.duree_entre_match_minutes,s1_0.duree_match_minutes,s1_0.heure_fermeture,s1_0.heure_ouverture,s1_0.nom,s1_0.updated_at,m1_0.solde,m1_0.type_membre,m1_0.updated_at from membres m1_0 left join sites s1_0 on s1_0.id=m1_0.site_id where upper(m1_0.matricule)=upper(?)
Hibernate: select m1_0.id,m1_0.created_at,m1_0.email,mo1_0.organisateur_id,mo1_0.id,mo1_0.created_at,mo1_0.date_conversion_public,mo1_0.date_debut,mo1_0.date_fin,mo1_0.nb_joueurs_actuels,mo1_0.prix_par_joueur,mo1_0.prix_total,mo1_0.statut,mo1_0.terrain_id,mo1_0.type_match,mo1_0.updated_at,m1_0.matricule,m1_0.nom,m1_0.password_hash,m1_0.prenom,m1_0.site_id,m1_0.solde,m1_0.type_membre,m1_0.updated_at from membres m1_0 left join matches mo1_0 on m1_0.id=mo1_0.organisateur_id where m1_0.id=?
Hibernate: select r1_0.membre_id,r1_0.id,r1_0.created_at,r1_0.match_id,p1_0.id,p1_0.created_at,p1_0.date_paiement,p1_0.montant,p1_0.reservation_id,p1_0.statut,p1_0.updated_at,r1_0.statut,r1_0.updated_at from reservations r1_0 left join paiements p1_0 on r1_0.id=p1_0.reservation_id where r1_0.membre_id=?
Hibernate: select p1_0.membre_id,p1_0.id,p1_0.created_at,p1_0.date_fin,p1_0.motif,p1_0.updated_at from penalites p1_0 where p1_0.membre_id=?
Hibernate: update membres set email=?,matricule=?,nom=?,password_hash=?,prenom=?,site_id=?,solde=?,type_membre=?,updated_at=? where id=?
Hibernate: select m1_0.id,m1_0.created_at,m1_0.email,m1_0.matricule,m1_0.nom,m1_0.password_hash,m1_0.prenom,s1_0.id,s1_0.adresse,s1_0.annee_civile,s1_0.created_at,s1_0.duree_entre_match_minutes,s1_0.duree_match_minutes,s1_0.heure_fermeture,s1_0.heure_ouverture,s1_0.nom,s1_0.updated_at,m1_0.solde,m1_0.type_membre,m1_0.updated_at from membres m1_0 left join sites s1_0 on s1_0.id=m1_0.site_id where upper(m1_0.matricule)=upper(?)
Hibernate: select m1_0.id,m1_0.created_at,m1_0.email,mo1_0.organisateur_id,mo1_0.id,mo1_0.created_at,mo1_0.date_conversion_public,mo1_0.date_debut,mo1_0.date_fin,mo1_0.nb_joueurs_actuels,mo1_0.prix_par_joueur,mo1_0.prix_total,mo1_0.statut,mo1_0.terrain_id,mo1_0.type_match,mo1_0.updated_at,m1_0.matricule,m1_0.nom,m1_0.password_hash,m1_0.prenom,m1_0.site_id,m1_0.solde,m1_0.type_membre,m1_0.updated_at from membres m1_0 left join matches mo1_0 on m1_0.id=mo1_0.organisateur_id where m1_0.id=?
Hibernate: select r1_0.membre_id,r1_0.id,r1_0.created_at,r1_0.match_id,p1_0.id,p1_0.created_at,p1_0.date_paiement,p1_0.montant,p1_0.reservation_id,p1_0.statut,p1_0.updated_at,r1_0.statut,r1_0.updated_at from reservations r1_0 left join paiements p1_0 on r1_0.id=p1_0.reservation_id where r1_0.membre_id=?
Hibernate: select p1_0.membre_id,p1_0.id,p1_0.created_at,p1_0.date_fin,p1_0.motif,p1_0.updated_at from penalites p1_0 where p1_0.membre_id=?
Hibernate: select r1_0.match_id,r1_0.id,r1_0.created_at,r1_0.membre_id,p1_0.id,p1_0.created_at,p1_0.date_paiement,p1_0.montant,p1_0.reservation_id,p1_0.statut,p1_0.updated_at,r1_0.statut,r1_0.updated_at from reservations r1_0 left join paiements p1_0 on r1_0.id=p1_0.reservation_id where r1_0.match_id=?
Hibernate: update membres set email=?,matricule=?,nom=?,password_hash=?,prenom=?,site_id=?,solde=?,type_membre=?,updated_at=? where id=?
Hibernate: select m1_0.id,m1_0.created_at,m1_0.email,m1_0.matricule,m1_0.nom,m1_0.password_hash,m1_0.prenom,s1_0.id,s1_0.adresse,s1_0.annee_civile,s1_0.created_at,s1_0.duree_entre_match_minutes,s1_0.duree_match_minutes,s1_0.heure_fermeture,s1_0.heure_ouverture,s1_0.nom,s1_0.updated_at,m1_0.solde,m1_0.type_membre,m1_0.updated_at from membres m1_0 left join sites s1_0 on s1_0.id=m1_0.site_id where upper(m1_0.matricule)=upper(?)
Hibernate: select m1_0.id,m1_0.created_at,m1_0.email,mo1_0.organisateur_id,mo1_0.id,mo1_0.created_at,mo1_0.date_conversion_public,mo1_0.date_debut,mo1_0.date_fin,mo1_0.nb_joueurs_actuels,mo1_0.prix_par_joueur,mo1_0.prix_total,mo1_0.statut,mo1_0.terrain_id,mo1_0.type_match,mo1_0.updated_at,m1_0.matricule,m1_0.nom,m1_0.password_hash,m1_0.prenom,m1_0.site_id,m1_0.solde,m1_0.type_membre,m1_0.updated_at from membres m1_0 left join matches mo1_0 on m1_0.id=mo1_0.organisateur_id where m1_0.id=?
Hibernate: select r1_0.membre_id,r1_0.id,r1_0.created_at,r1_0.match_id,p1_0.id,p1_0.created_at,p1_0.date_paiement,p1_0.montant,p1_0.reservation_id,p1_0.statut,p1_0.updated_at,r1_0.statut,r1_0.updated_at from reservations r1_0 left join paiements p1_0 on r1_0.id=p1_0.reservation_id where r1_0.membre_id=?
Hibernate: select p1_0.membre_id,p1_0.id,p1_0.created_at,p1_0.date_fin,p1_0.motif,p1_0.updated_at from penalites p1_0 where p1_0.membre_id=?
Hibernate: select r1_0.match_id,r1_0.id,r1_0.created_at,r1_0.membre_id,p1_0.id,p1_0.created_at,p1_0.date_paiement,p1_0.montant,p1_0.reservation_id,p1_0.statut,p1_0.updated_at,r1_0.statut,r1_0.updated_at from reservations r1_0 left join paiements p1_0 on r1_0.id=p1_0.reservation_id where r1_0.match_id=?
Hibernate: update membres set email=?,matricule=?,nom=?,password_hash=?,prenom=?,site_id=?,solde=?,type_membre=?,updated_at=? where id=?
Hibernate: select m1_0.id,m1_0.created_at,m1_0.email,m1_0.matricule,m1_0.nom,m1_0.password_hash,m1_0.prenom,s1_0.id,s1_0.adresse,s1_0.annee_civile,s1_0.created_at,s1_0.duree_entre_match_minutes,s1_0.duree_match_minutes,s1_0.heure_fermeture,s1_0.heure_ouverture,s1_0.nom,s1_0.updated_at,m1_0.solde,m1_0.type_membre,m1_0.updated_at from membres m1_0 left join sites s1_0 on s1_0.id=m1_0.site_id where upper(m1_0.matricule)=upper(?)
Hibernate: select m1_0.id,m1_0.created_at,m1_0.email,mo1_0.organisateur_id,mo1_0.id,mo1_0.created_at,mo1_0.date_conversion_public,mo1_0.date_debut,mo1_0.date_fin,mo1_0.nb_joueurs_actuels,mo1_0.prix_par_joueur,mo1_0.prix_total,mo1_0.statut,mo1_0.terrain_id,mo1_0.type_match,mo1_0.updated_at,m1_0.matricule,m1_0.nom,m1_0.password_hash,m1_0.prenom,m1_0.site_id,m1_0.solde,m1_0.type_membre,m1_0.updated_at from membres m1_0 left join matches mo1_0 on m1_0.id=mo1_0.organisateur_id where m1_0.id=?
Hibernate: select r1_0.membre_id,r1_0.id,r1_0.created_at,r1_0.match_id,p1_0.id,p1_0.created_at,p1_0.date_paiement,p1_0.montant,p1_0.reservation_id,p1_0.statut,p1_0.updated_at,r1_0.statut,r1_0.updated_at from reservations r1_0 left join paiements p1_0 on r1_0.id=p1_0.reservation_id where r1_0.membre_id=?
Hibernate: select p1_0.membre_id,p1_0.id,p1_0.created_at,p1_0.date_fin,p1_0.motif,p1_0.updated_at from penalites p1_0 where p1_0.membre_id=?
Hibernate: select r1_0.match_id,r1_0.id,r1_0.created_at,r1_0.membre_id,p1_0.id,p1_0.created_at,p1_0.date_paiement,p1_0.montant,p1_0.reservation_id,p1_0.statut,p1_0.updated_at,r1_0.statut,r1_0.updated_at from reservations r1_0 left join paiements p1_0 on r1_0.id=p1_0.reservation_id where r1_0.match_id=?
Hibernate: update membres set email=?,matricule=?,nom=?,password_hash=?,prenom=?,site_id=?,solde=?,type_membre=?,updated_at=? where id=?
Hibernate: select m1_0.id,m1_0.created_at,m1_0.email,m1_0.matricule,m1_0.nom,m1_0.password_hash,m1_0.prenom,s1_0.id,s1_0.adresse,s1_0.annee_civile,s1_0.created_at,s1_0.duree_entre_match_minutes,s1_0.duree_match_minutes,s1_0.heure_fermeture,s1_0.heure_ouverture,s1_0.nom,s1_0.updated_at,m1_0.solde,m1_0.type_membre,m1_0.updated_at from membres m1_0 left join sites s1_0 on s1_0.id=m1_0.site_id where upper(m1_0.matricule)=upper(?)
Hibernate: select m1_0.id,m1_0.created_at,m1_0.email,mo1_0.organisateur_id,mo1_0.id,mo1_0.created_at,mo1_0.date_conversion_public,mo1_0.date_debut,mo1_0.date_fin,mo1_0.nb_joueurs_actuels,mo1_0.prix_par_joueur,mo1_0.prix_total,mo1_0.statut,mo1_0.terrain_id,mo1_0.type_match,mo1_0.updated_at,m1_0.matricule,m1_0.nom,m1_0.password_hash,m1_0.prenom,m1_0.site_id,m1_0.solde,m1_0.type_membre,m1_0.updated_at from membres m1_0 left join matches mo1_0 on m1_0.id=mo1_0.organisateur_id where m1_0.id=?
Hibernate: select r1_0.membre_id,r1_0.id,r1_0.created_at,r1_0.match_id,p1_0.id,p1_0.created_at,p1_0.date_paiement,p1_0.montant,p1_0.reservation_id,p1_0.statut,p1_0.updated_at,r1_0.statut,r1_0.updated_at from reservations r1_0 left join paiements p1_0 on r1_0.id=p1_0.reservation_id where r1_0.membre_id=?
Hibernate: select p1_0.membre_id,p1_0.id,p1_0.created_at,p1_0.date_fin,p1_0.motif,p1_0.updated_at from penalites p1_0 where p1_0.membre_id=?
Hibernate: update membres set email=?,matricule=?,nom=?,password_hash=?,prenom=?,site_id=?,solde=?,type_membre=?,updated_at=? where id=?
Hibernate: select a1_0.id,a1_0.created_at,a1_0.email,a1_0.matricule,a1_0.nom,a1_0.password_hash,a1_0.prenom,a1_0.site_id,a1_0.type_administrateur,a1_0.updated_at from administrateurs a1_0 where a1_0.email=?
Hibernate: select a1_0.id,a1_0.created_at,a1_0.email,a1_0.matricule,a1_0.nom,a1_0.password_hash,a1_0.prenom,a1_0.site_id,a1_0.type_administrateur,a1_0.updated_at from administrateurs a1_0 where a1_0.id=?
Hibernate: update administrateurs set email=?,matricule=?,nom=?,password_hash=?,prenom=?,site_id=?,type_administrateur=?,updated_at=? where id=?
Hibernate: select a1_0.id,a1_0.created_at,a1_0.email,a1_0.matricule,a1_0.nom,a1_0.password_hash,a1_0.prenom,a1_0.site_id,a1_0.type_administrateur,a1_0.updated_at from administrateurs a1_0 where a1_0.email=?
Hibernate: select a1_0.id,a1_0.created_at,a1_0.email,a1_0.matricule,a1_0.nom,a1_0.password_hash,a1_0.prenom,a1_0.site_id,a1_0.type_administrateur,a1_0.updated_at from administrateurs a1_0 where a1_0.id=?
Hibernate: update administrateurs set email=?,matricule=?,nom=?,password_hash=?,prenom=?,site_id=?,type_administrateur=?,updated_at=? where id=?
Hibernate: select a1_0.id,a1_0.created_at,a1_0.email,a1_0.matricule,a1_0.nom,a1_0.password_hash,a1_0.prenom,a1_0.site_id,a1_0.type_administrateur,a1_0.updated_at from administrateurs a1_0 where a1_0.email=?
Hibernate: select a1_0.id,a1_0.created_at,a1_0.email,a1_0.matricule,a1_0.nom,a1_0.password_hash,a1_0.prenom,a1_0.site_id,a1_0.type_administrateur,a1_0.updated_at from administrateurs a1_0 where a1_0.id=?
Hibernate: update administrateurs set email=?,matricule=?,nom=?,password_hash=?,prenom=?,site_id=?,type_administrateur=?,updated_at=? where id=?
2026-08-26T18:55:06.136+02:00  INFO 1756 --- [  restartedMain] com.padell.padell.DataInitializer        : DataInitializer : base de donnees deja initialisee, initialisation ignoree...
2026-08-26T18:55:06.139+02:00  INFO 1756 --- [  restartedMain] .ConditionEvaluationDeltaLoggingListener : Condition evaluation unchanged
2026-08-26T19:01:02.788+02:00  INFO 1756 --- [nio-8082-exec-1] o.a.c.c.C.[Tomcat].[localhost].[/]       : Initializing Spring DispatcherServlet 'dispatcherServlet'
2026-08-26T19:01:02.788+02:00  INFO 1756 --- [nio-8082-exec-1] o.s.web.servlet.DispatcherServlet        : Initializing Servlet 'dispatcherServlet'
2026-08-26T19:01:02.791+02:00  INFO 1756 --- [nio-8082-exec-1] o.s.web.servlet.DispatcherServlet        : Completed initialization in 2 ms
2026-08-26T19:01:03.992+02:00  INFO 1756 --- [nio-8082-exec-9] o.springdoc.api.AbstractOpenApiResource  : Init duration for springdoc-openapi is: 698 ms
Hibernate: select m1_0.id,m1_0.created_at,m1_0.email,m1_0.matricule,m1_0.nom,m1_0.password_hash,m1_0.prenom,s1_0.id,s1_0.adresse,s1_0.annee_civile,s1_0.created_at,s1_0.duree_entre_match_minutes,s1_0.duree_match_minutes,s1_0.heure_fermeture,s1_0.heure_ouverture,s1_0.nom,s1_0.updated_at,m1_0.solde,m1_0.type_membre,m1_0.updated_at from membres m1_0 left join sites s1_0 on s1_0.id=m1_0.site_id where upper(m1_0.matricule)=upper(?)
Hibernate: select m1_0.id,m1_0.created_at,m1_0.email,m1_0.matricule,m1_0.nom,m1_0.password_hash,m1_0.prenom,s1_0.id,s1_0.adresse,s1_0.annee_civile,s1_0.created_at,s1_0.duree_entre_match_minutes,s1_0.duree_match_minutes,s1_0.heure_fermeture,s1_0.heure_ouverture,s1_0.nom,s1_0.updated_at,m1_0.solde,m1_0.type_membre,m1_0.updated_at from membres m1_0 left join sites s1_0 on s1_0.id=m1_0.site_id where upper(m1_0.matricule)=upper(?)
Hibernate: select m1_0.id,m1_0.created_at,m1_0.email,m1_0.matricule,m1_0.nom,m1_0.password_hash,m1_0.prenom,s1_0.id,s1_0.adresse,s1_0.annee_civile,s1_0.created_at,s1_0.duree_entre_match_minutes,s1_0.duree_match_minutes,s1_0.heure_fermeture,s1_0.heure_ouverture,s1_0.nom,s1_0.updated_at,m1_0.solde,m1_0.type_membre,m1_0.updated_at from membres m1_0 left join sites s1_0 on s1_0.id=m1_0.site_id where m1_0.id=?
Hibernate: select m1_0.id,m1_0.created_at,m1_0.email,m1_0.matricule,m1_0.nom,m1_0.password_hash,m1_0.prenom,s1_0.id,s1_0.adresse,s1_0.annee_civile,s1_0.created_at,s1_0.duree_entre_match_minutes,s1_0.duree_match_minutes,s1_0.heure_fermeture,s1_0.heure_ouverture,s1_0.nom,s1_0.updated_at,m1_0.solde,m1_0.type_membre,m1_0.updated_at from membres m1_0 left join sites s1_0 on s1_0.id=m1_0.site_id where m1_0.id=?
Hibernate: select m1_0.id,m1_0.created_at,m1_0.email,m1_0.matricule,m1_0.nom,m1_0.password_hash,m1_0.prenom,s1_0.id,s1_0.adresse,s1_0.annee_civile,s1_0.created_at,s1_0.duree_entre_match_minutes,s1_0.duree_match_minutes,s1_0.heure_fermeture,s1_0.heure_ouverture,s1_0.nom,s1_0.updated_at,m1_0.solde,m1_0.type_membre,m1_0.updated_at from membres m1_0 left join sites s1_0 on s1_0.id=m1_0.site_id where upper(m1_0.matricule)=upper(?)
Hibernate: select p1_0.id from penalites p1_0 left join membres m1_0 on m1_0.id=p1_0.membre_id where m1_0.id=? and p1_0.date_fin>? fetch first ? rows only
Hibernate: select m1_0.id,m1_0.created_at,m1_0.email,m1_0.matricule,m1_0.nom,m1_0.password_hash,m1_0.prenom,s1_0.id,s1_0.adresse,s1_0.annee_civile,s1_0.created_at,s1_0.duree_entre_match_minutes,s1_0.duree_match_minutes,s1_0.heure_fermeture,s1_0.heure_ouverture,s1_0.nom,s1_0.updated_at,m1_0.solde,m1_0.type_membre,m1_0.updated_at from membres m1_0 left join sites s1_0 on s1_0.id=m1_0.site_id where upper(m1_0.matricule)=upper(?)
Hibernate: select m1_0.id,m1_0.created_at,m1_0.email,m1_0.matricule,m1_0.nom,m1_0.password_hash,m1_0.prenom,s1_0.id,s1_0.adresse,s1_0.annee_civile,s1_0.created_at,s1_0.duree_entre_match_minutes,s1_0.duree_match_minutes,s1_0.heure_fermeture,s1_0.heure_ouverture,s1_0.nom,s1_0.updated_at,m1_0.solde,m1_0.type_membre,m1_0.updated_at from membres m1_0 left join sites s1_0 on s1_0.id=m1_0.site_id where m1_0.id=?
Hibernate: select m1_0.id,m1_0.created_at,m1_0.date_conversion_public,m1_0.date_debut,m1_0.date_fin,m1_0.nb_joueurs_actuels,m1_0.organisateur_id,o1_0.id,o1_0.created_at,o1_0.email,o1_0.matricule,o1_0.nom,o1_0.password_hash,o1_0.prenom,o1_0.site_id,o1_0.solde,o1_0.type_membre,o1_0.updated_at,m1_0.prix_par_joueur,m1_0.prix_total,m1_0.statut,m1_0.terrain_id,t1_0.id,t1_0.created_at,t1_0.nom,t1_0.prix,t1_0.site_id,s2_0.id,s2_0.adresse,s2_0.annee_civile,s2_0.created_at,s2_0.duree_entre_match_minutes,s2_0.duree_match_minutes,s2_0.heure_fermeture,s2_0.heure_ouverture,s2_0.nom,s2_0.updated_at,t1_0.updated_at,m1_0.type_match,m1_0.updated_at from matches m1_0 join membres o1_0 on o1_0.id=m1_0.organisateur_id join terrains t1_0 on t1_0.id=m1_0.terrain_id join sites s2_0 on s2_0.id=t1_0.site_id where m1_0.type_match=? and m1_0.statut=?
Hibernate: select s1_0.id,s1_0.adresse,s1_0.annee_civile,s1_0.created_at,s1_0.duree_entre_match_minutes,s1_0.duree_match_minutes,s1_0.heure_fermeture,s1_0.heure_ouverture,s1_0.nom,s1_0.updated_at from sites s1_0
Hibernate: select m1_0.id,m1_0.created_at,m1_0.email,m1_0.matricule,m1_0.nom,m1_0.password_hash,m1_0.prenom,s1_0.id,s1_0.adresse,s1_0.annee_civile,s1_0.created_at,s1_0.duree_entre_match_minutes,s1_0.duree_match_minutes,s1_0.heure_fermeture,s1_0.heure_ouverture,s1_0.nom,s1_0.updated_at,m1_0.solde,m1_0.type_membre,m1_0.updated_at from membres m1_0 left join sites s1_0 on s1_0.id=m1_0.site_id where upper(m1_0.matricule)=upper(?)
Hibernate: select m1_0.id,m1_0.created_at,m1_0.email,m1_0.matricule,m1_0.nom,m1_0.password_hash,m1_0.prenom,s1_0.id,s1_0.adresse,s1_0.annee_civile,s1_0.created_at,s1_0.duree_entre_match_minutes,s1_0.duree_match_minutes,s1_0.heure_fermeture,s1_0.heure_ouverture,s1_0.nom,s1_0.updated_at,m1_0.solde,m1_0.type_membre,m1_0.updated_at from membres m1_0 left join sites s1_0 on s1_0.id=m1_0.site_id where upper(m1_0.matricule)=upper(?)
Hibernate: select m1_0.id,m1_0.created_at,m1_0.email,m1_0.matricule,m1_0.nom,m1_0.password_hash,m1_0.prenom,s1_0.id,s1_0.adresse,s1_0.annee_civile,s1_0.created_at,s1_0.duree_entre_match_minutes,s1_0.duree_match_minutes,s1_0.heure_fermeture,s1_0.heure_ouverture,s1_0.nom,s1_0.updated_at,m1_0.solde,m1_0.type_membre,m1_0.updated_at from membres m1_0 left join sites s1_0 on s1_0.id=m1_0.site_id where m1_0.id=?
Hibernate: select m1_0.id,m1_0.created_at,m1_0.email,m1_0.matricule,m1_0.nom,m1_0.password_hash,m1_0.prenom,s1_0.id,s1_0.adresse,s1_0.annee_civile,s1_0.created_at,s1_0.duree_entre_match_minutes,s1_0.duree_match_minutes,s1_0.heure_fermeture,s1_0.heure_ouverture,s1_0.nom,s1_0.updated_at,m1_0.solde,m1_0.type_membre,m1_0.updated_at from membres m1_0 left join sites s1_0 on s1_0.id=m1_0.site_id where m1_0.id=?
Hibernate: select m1_0.id,m1_0.created_at,m1_0.email,m1_0.matricule,m1_0.nom,m1_0.password_hash,m1_0.prenom,s1_0.id,s1_0.adresse,s1_0.annee_civile,s1_0.created_at,s1_0.duree_entre_match_minutes,s1_0.duree_match_minutes,s1_0.heure_fermeture,s1_0.heure_ouverture,s1_0.nom,s1_0.updated_at,m1_0.solde,m1_0.type_membre,m1_0.updated_at from membres m1_0 left join sites s1_0 on s1_0.id=m1_0.site_id where upper(m1_0.matricule)=upper(?)
Hibernate: select p1_0.id from penalites p1_0 left join membres m1_0 on m1_0.id=p1_0.membre_id where m1_0.id=? and p1_0.date_fin>? fetch first ? rows only
Hibernate: select m1_0.id,m1_0.created_at,m1_0.email,m1_0.matricule,m1_0.nom,m1_0.password_hash,m1_0.prenom,s1_0.id,s1_0.adresse,s1_0.annee_civile,s1_0.created_at,s1_0.duree_entre_match_minutes,s1_0.duree_match_minutes,s1_0.heure_fermeture,s1_0.heure_ouverture,s1_0.nom,s1_0.updated_at,m1_0.solde,m1_0.type_membre,m1_0.updated_at from membres m1_0 left join sites s1_0 on s1_0.id=m1_0.site_id where upper(m1_0.matricule)=upper(?)
Hibernate: select m1_0.id,m1_0.created_at,m1_0.email,m1_0.matricule,m1_0.nom,m1_0.password_hash,m1_0.prenom,s1_0.id,s1_0.adresse,s1_0.annee_civile,s1_0.created_at,s1_0.duree_entre_match_minutes,s1_0.duree_match_minutes,s1_0.heure_fermeture,s1_0.heure_ouverture,s1_0.nom,s1_0.updated_at,m1_0.solde,m1_0.type_membre,m1_0.updated_at from membres m1_0 left join sites s1_0 on s1_0.id=m1_0.site_id where m1_0.id=?
Hibernate: select m1_0.id,m1_0.created_at,m1_0.date_conversion_public,m1_0.date_debut,m1_0.date_fin,m1_0.nb_joueurs_actuels,m1_0.organisateur_id,o1_0.id,o1_0.created_at,o1_0.email,o1_0.matricule,o1_0.nom,o1_0.password_hash,o1_0.prenom,o1_0.site_id,o1_0.solde,o1_0.type_membre,o1_0.updated_at,m1_0.prix_par_joueur,m1_0.prix_total,m1_0.statut,m1_0.terrain_id,t1_0.id,t1_0.created_at,t1_0.nom,t1_0.prix,t1_0.site_id,s2_0.id,s2_0.adresse,s2_0.annee_civile,s2_0.created_at,s2_0.duree_entre_match_minutes,s2_0.duree_match_minutes,s2_0.heure_fermeture,s2_0.heure_ouverture,s2_0.nom,s2_0.updated_at,t1_0.updated_at,m1_0.type_match,m1_0.updated_at from matches m1_0 join membres o1_0 on o1_0.id=m1_0.organisateur_id join terrains t1_0 on t1_0.id=m1_0.terrain_id join sites s2_0 on s2_0.id=t1_0.site_id where m1_0.type_match=? and m1_0.statut=?
Hibernate: select s1_0.id,s1_0.adresse,s1_0.annee_civile,s1_0.created_at,s1_0.duree_entre_match_minutes,s1_0.duree_match_minutes,s1_0.heure_fermeture,s1_0.heure_ouverture,s1_0.nom,s1_0.updated_at from sites s1_0
Hibernate: select s1_0.id,s1_0.adresse,s1_0.annee_civile,s1_0.created_at,s1_0.duree_entre_match_minutes,s1_0.duree_match_minutes,s1_0.heure_fermeture,s1_0.heure_ouverture,s1_0.nom,s1_0.updated_at from sites s1_0
Hibernate: select s1_0.id,s1_0.adresse,s1_0.annee_civile,s1_0.created_at,s1_0.duree_entre_match_minutes,s1_0.duree_match_minutes,s1_0.heure_fermeture,s1_0.heure_ouverture,s1_0.nom,s1_0.updated_at from sites s1_0 where s1_0.id=?
Hibernate: select t1_0.id,t1_0.created_at,t1_0.nom,t1_0.prix,t1_0.site_id,s2_0.id,s2_0.adresse,s2_0.annee_civile,s2_0.created_at,s2_0.duree_entre_match_minutes,s2_0.duree_match_minutes,s2_0.heure_fermeture,s2_0.heure_ouverture,s2_0.nom,s2_0.updated_at,t1_0.updated_at from terrains t1_0 left join sites s1_0 on s1_0.id=t1_0.site_id join sites s2_0 on s2_0.id=t1_0.site_id where s1_0.id=?
2026-08-26T19:04:04.396+02:00  WARN 1756 --- [nio-8082-exec-9] .m.m.a.ExceptionHandlerExceptionResolver : Resolved [org.springframework.web.bind.MethodArgumentNotValidException: Validation failed for argument [0] in public org.springframework.http.ResponseEntity<com.padell.padell.dto.response.MatchDto> com.padell.padell.controller.MatchController.createMatch(com.padell.padell.dto.request.CreateMatchRequest): [Field error in object 'createMatchRequest' on field 'matchDate': rejected value [2026-08-26T09:00]; codes [FutureOrPresent.createMatchRequest.matchDate,FutureOrPresent.matchDate,FutureOrPresent.java.time.LocalDateTime,FutureOrPresent]; arguments [org.springframework.context.support.DefaultMessageSourceResolvable: codes [createMatchRequest.matchDate,matchDate]; arguments []; default message [matchDate]]; default message [La date du match doit etre dans le futur ou le present]] ]
2026-08-26T19:04:11.875+02:00  INFO 1756 --- [nio-8082-exec-8] c.p.padell.controller.MatchController    : Requête de création de match reçue de l'utilisateur 'L10001' pour le terrain ID 1
Hibernate: select m1_0.id,m1_0.created_at,m1_0.email,m1_0.matricule,m1_0.nom,m1_0.password_hash,m1_0.prenom,s1_0.id,s1_0.adresse,s1_0.annee_civile,s1_0.created_at,s1_0.duree_entre_match_minutes,s1_0.duree_match_minutes,s1_0.heure_fermeture,s1_0.heure_ouverture,s1_0.nom,s1_0.updated_at,m1_0.solde,m1_0.type_membre,m1_0.updated_at from membres m1_0 left join sites s1_0 on s1_0.id=m1_0.site_id where upper(m1_0.matricule)=upper(?)
Hibernate: select t1_0.id,t1_0.created_at,t1_0.nom,t1_0.prix,t1_0.site_id,t1_0.updated_at from terrains t1_0 where t1_0.id=?
Hibernate: select p1_0.id from penalites p1_0 left join membres m1_0 on m1_0.id=p1_0.membre_id where m1_0.id=? and p1_0.date_fin>? fetch first ? rows only
Hibernate: select s1_0.id,s1_0.adresse,s1_0.annee_civile,s1_0.created_at,s1_0.duree_entre_match_minutes,s1_0.duree_match_minutes,s1_0.heure_fermeture,s1_0.heure_ouverture,s1_0.nom,s1_0.updated_at from sites s1_0 where s1_0.id=?
Hibernate: select jf1_0.id from jours_fermeture jf1_0 where jf1_0.date=? and jf1_0.global fetch first ? rows only
Hibernate: select jf1_0.id from jours_fermeture jf1_0 left join sites s1_0 on s1_0.id=jf1_0.site_id where jf1_0.date=? and s1_0.id=? fetch first ? rows only
Hibernate: select m1_0.id,m1_0.created_at,m1_0.date_conversion_public,m1_0.date_debut,m1_0.date_fin,m1_0.nb_joueurs_actuels,m1_0.organisateur_id,m1_0.prix_par_joueur,m1_0.prix_total,m1_0.statut,m1_0.terrain_id,m1_0.type_match,m1_0.updated_at from matches m1_0 where m1_0.terrain_id=? and m1_0.statut<>? and m1_0.date_debut<? and m1_0.date_fin>?
Hibernate: insert into matches (created_at,date_conversion_public,date_debut,date_fin,nb_joueurs_actuels,organisateur_id,prix_par_joueur,prix_total,statut,terrain_id,type_match,updated_at) values (?,?,?,?,?,?,?,?,?,?,?,?)
Hibernate: insert into reservations (created_at,match_id,membre_id,statut,updated_at) values (?,?,?,?,?)
Hibernate: insert into paiements (created_at,date_paiement,montant,reservation_id,statut,updated_at) values (?,?,?,?,?,?)
2026-08-26T19:04:12.280+02:00  INFO 1756 --- [nio-8082-exec-8] c.p.p.service.impl.MatchServiceImpl      : Match créé avec succès (ID: 6) par l'utilisateur L10001
Hibernate: select m1_0.id,m1_0.created_at,m1_0.email,m1_0.matricule,m1_0.nom,m1_0.password_hash,m1_0.prenom,s1_0.id,s1_0.adresse,s1_0.annee_civile,s1_0.created_at,s1_0.duree_entre_match_minutes,s1_0.duree_match_minutes,s1_0.heure_fermeture,s1_0.heure_ouverture,s1_0.nom,s1_0.updated_at,m1_0.solde,m1_0.type_membre,m1_0.updated_at from membres m1_0 left join sites s1_0 on s1_0.id=m1_0.site_id where upper(m1_0.matricule)=upper(?)
Hibernate: select m1_0.id,m1_0.created_at,m1_0.email,m1_0.matricule,m1_0.nom,m1_0.password_hash,m1_0.prenom,s1_0.id,s1_0.adresse,s1_0.annee_civile,s1_0.created_at,s1_0.duree_entre_match_minutes,s1_0.duree_match_minutes,s1_0.heure_fermeture,s1_0.heure_ouverture,s1_0.nom,s1_0.updated_at,m1_0.solde,m1_0.type_membre,m1_0.updated_at from membres m1_0 left join sites s1_0 on s1_0.id=m1_0.site_id where upper(m1_0.matricule)=upper(?)
Hibernate: select r1_0.id,r1_0.created_at,r1_0.match_id,r1_0.membre_id,r1_0.statut,r1_0.updated_at from reservations r1_0 left join membres m1_0 on m1_0.id=r1_0.membre_id where m1_0.id=?
Hibernate: select m1_0.id,m1_0.created_at,m1_0.date_conversion_public,m1_0.date_debut,m1_0.date_fin,m1_0.nb_joueurs_actuels,m1_0.organisateur_id,o2_0.id,o2_0.created_at,o2_0.email,o2_0.matricule,o2_0.nom,o2_0.password_hash,o2_0.prenom,o2_0.site_id,o2_0.solde,o2_0.type_membre,o2_0.updated_at,m1_0.prix_par_joueur,m1_0.prix_total,m1_0.statut,m1_0.terrain_id,t1_0.id,t1_0.created_at,t1_0.nom,t1_0.prix,t1_0.site_id,s2_0.id,s2_0.adresse,s2_0.annee_civile,s2_0.created_at,s2_0.duree_entre_match_minutes,s2_0.duree_match_minutes,s2_0.heure_fermeture,s2_0.heure_ouverture,s2_0.nom,s2_0.updated_at,t1_0.updated_at,m1_0.type_match,m1_0.updated_at from matches m1_0 left join membres o1_0 on o1_0.id=m1_0.organisateur_id join membres o2_0 on o2_0.id=m1_0.organisateur_id join terrains t1_0 on t1_0.id=m1_0.terrain_id join sites s2_0 on s2_0.id=t1_0.site_id where o1_0.id=?
Hibernate: select p1_0.id,p1_0.created_at,p1_0.date_paiement,p1_0.montant,p1_0.reservation_id,p1_0.statut,p1_0.updated_at from paiements p1_0 where p1_0.reservation_id=?
Hibernate: select p1_0.id,p1_0.created_at,p1_0.date_paiement,p1_0.montant,p1_0.reservation_id,p1_0.statut,p1_0.updated_at from paiements p1_0 where p1_0.reservation_id=?
Hibernate: select p1_0.id,p1_0.created_at,p1_0.date_paiement,p1_0.montant,p1_0.reservation_id,p1_0.statut,p1_0.updated_at from paiements p1_0 where p1_0.reservation_id=?
org.hibernate.LazyInitializationException: Could not initialize proxy [com.padell.padell.entity.Match#4] - no session
	at org.hibernate.proxy.AbstractLazyInitializer.initialize(AbstractLazyInitializer.java:174)
	at org.hibernate.proxy.AbstractLazyInitializer.getImplementation(AbstractLazyInitializer.java:328)
	at org.hibernate.proxy.pojo.bytebuddy.ByteBuddyInterceptor.intercept(ByteBuddyInterceptor.java:44)
	at org.hibernate.proxy.ProxyConfiguration$InterceptorDispatcher.intercept(ProxyConfiguration.java:102)
	at com.padell.padell.entity.Match$HibernateProxy.getDateDebut(Unknown Source)
	at com.padell.padell.mapper.ReservationMapper.toResponse(ReservationMapper.java:30)
	at java.base/java.util.stream.ReferencePipeline$3$1.accept(ReferencePipeline.java:197)
	at java.base/java.util.ArrayList$ArrayListSpliterator.forEachRemaining(ArrayList.java:1708)
	at java.base/java.util.stream.AbstractPipeline.copyInto(AbstractPipeline.java:509)
	at java.base/java.util.stream.AbstractPipeline.wrapAndCopyInto(AbstractPipeline.java:499)
	at java.base/java.util.stream.AbstractPipeline.evaluate(AbstractPipeline.java:575)
	at java.base/java.util.stream.AbstractPipeline.evaluateToArrayNode(AbstractPipeline.java:260)
	at java.base/java.util.stream.ReferencePipeline.toArray(ReferencePipeline.java:616)
	at java.base/java.util.stream.ReferencePipeline.toArray(ReferencePipeline.java:622)
	at java.base/java.util.stream.ReferencePipeline.toList(ReferencePipeline.java:627)
	at com.padell.padell.controller.ReservationController.getByMembreId(ReservationController.java:157)
	at java.base/jdk.internal.reflect.DirectMethodHandleAccessor.invoke(DirectMethodHandleAccessor.java:103)
	at java.base/java.lang.reflect.Method.invoke(Method.java:580)
	at org.springframework.web.method.support.InvocableHandlerMethod.doInvoke(InvocableHandlerMethod.java:258)
	at org.springframework.web.method.support.InvocableHandlerMethod.invokeForRequest(InvocableHandlerMethod.java:191)
	at org.springframework.web.servlet.mvc.method.annotation.ServletInvocableHandlerMethod.invokeAndHandle(ServletInvocableHandlerMethod.java:118)
	at org.springframework.web.servlet.mvc.method.annotation.RequestMappingHandlerAdapter.invokeHandlerMethod(RequestMappingHandlerAdapter.java:986)
	at org.springframework.web.servlet.mvc.method.annotation.RequestMappingHandlerAdapter.handleInternal(RequestMappingHandlerAdapter.java:891)
	at org.springframework.web.servlet.mvc.method.AbstractHandlerMethodAdapter.handle(AbstractHandlerMethodAdapter.java:87)
	at org.springframework.web.servlet.DispatcherServlet.doDispatch(DispatcherServlet.java:1089)
	at org.springframework.web.servlet.DispatcherServlet.doService(DispatcherServlet.java:979)
	at org.springframework.web.servlet.FrameworkServlet.processRequest(FrameworkServlet.java:1014)
	at org.springframework.web.servlet.FrameworkServlet.doGet(FrameworkServlet.java:903)
	at jakarta.servlet.http.HttpServlet.service(HttpServlet.java:564)
	at org.springframework.web.servlet.FrameworkServlet.service(FrameworkServlet.java:885)
	at jakarta.servlet.http.HttpServlet.service(HttpServlet.java:658)
	at org.apache.catalina.core.ApplicationFilterChain.internalDoFilter(ApplicationFilterChain.java:195)
	at org.apache.catalina.core.ApplicationFilterChain.doFilter(ApplicationFilterChain.java:140)
	at org.apache.tomcat.websocket.server.WsFilter.doFilter(WsFilter.java:51)
	at org.apache.catalina.core.ApplicationFilterChain.internalDoFilter(ApplicationFilterChain.java:164)
	at org.apache.catalina.core.ApplicationFilterChain.doFilter(ApplicationFilterChain.java:140)
	at org.springframework.web.filter.OncePerRequestFilter.doFilter(OncePerRequestFilter.java:110)
	at org.apache.catalina.core.ApplicationFilterChain.internalDoFilter(ApplicationFilterChain.java:164)
	at org.apache.catalina.core.ApplicationFilterChain.doFilter(ApplicationFilterChain.java:140)
	at org.springframework.web.filter.CompositeFilter$VirtualFilterChain.doFilter(CompositeFilter.java:108)
	at org.springframework.web.filter.CompositeFilter$VirtualFilterChain.doFilter(CompositeFilter.java:108)
	at org.springframework.security.web.FilterChainProxy.lambda$doFilterInternal$3(FilterChainProxy.java:231)
	at org.springframework.security.web.FilterChainProxy$VirtualFilterChain.doFilter(FilterChainProxy.java:365)
	at org.springframework.security.web.access.intercept.AuthorizationFilter.doFilter(AuthorizationFilter.java:101)
	at org.springframework.security.web.FilterChainProxy$VirtualFilterChain.doFilter(FilterChainProxy.java:374)
	at org.springframework.security.web.access.ExceptionTranslationFilter.doFilter(ExceptionTranslationFilter.java:125)
	at org.springframework.security.web.access.ExceptionTranslationFilter.doFilter(ExceptionTranslationFilter.java:119)
	at org.springframework.security.web.FilterChainProxy$VirtualFilterChain.doFilter(FilterChainProxy.java:374)
	at org.springframework.security.web.session.SessionManagementFilter.doFilter(SessionManagementFilter.java:131)
	at org.springframework.security.web.session.SessionManagementFilter.doFilter(SessionManagementFilter.java:85)
	at org.springframework.security.web.FilterChainProxy$VirtualFilterChain.doFilter(FilterChainProxy.java:374)
	at org.springframework.security.web.authentication.AnonymousAuthenticationFilter.doFilter(AnonymousAuthenticationFilter.java:100)
	at org.springframework.security.web.FilterChainProxy$VirtualFilterChain.doFilter(FilterChainProxy.java:374)
	at org.springframework.security.web.servletapi.SecurityContextHolderAwareRequestFilter.doFilter(SecurityContextHolderAwareRequestFilter.java:179)
	at org.springframework.security.web.FilterChainProxy$VirtualFilterChain.doFilter(FilterChainProxy.java:374)
	at org.springframework.security.web.savedrequest.RequestCacheAwareFilter.doFilter(RequestCacheAwareFilter.java:63)
	at org.springframework.security.web.FilterChainProxy$VirtualFilterChain.doFilter(FilterChainProxy.java:374)
	at com.padell.padell.config.JwtAuthenticationFilter.doFilterInternal(JwtAuthenticationFilter.java:60)
	at org.springframework.web.filter.OncePerRequestFilter.doFilter(OncePerRequestFilter.java:116)
	at org.springframework.security.web.FilterChainProxy$VirtualFilterChain.doFilter(FilterChainProxy.java:374)
	at org.springframework.security.web.authentication.logout.LogoutFilter.doFilter(LogoutFilter.java:107)
	at org.springframework.security.web.authentication.logout.LogoutFilter.doFilter(LogoutFilter.java:93)
	at org.springframework.security.web.FilterChainProxy$VirtualFilterChain.doFilter(FilterChainProxy.java:374)
	at org.springframework.security.web.header.HeaderWriterFilter.doHeadersAfter(HeaderWriterFilter.java:90)
	at org.springframework.security.web.header.HeaderWriterFilter.doFilterInternal(HeaderWriterFilter.java:75)
	at org.springframework.web.filter.OncePerRequestFilter.doFilter(OncePerRequestFilter.java:116)
	at org.springframework.security.web.FilterChainProxy$VirtualFilterChain.doFilter(FilterChainProxy.java:374)
	at org.springframework.security.web.context.SecurityContextHolderFilter.doFilter(SecurityContextHolderFilter.java:82)
	at org.springframework.security.web.context.SecurityContextHolderFilter.doFilter(SecurityContextHolderFilter.java:69)
	at org.springframework.security.web.FilterChainProxy$VirtualFilterChain.doFilter(FilterChainProxy.java:374)
	at org.springframework.security.web.context.request.async.WebAsyncManagerIntegrationFilter.doFilterInternal(WebAsyncManagerIntegrationFilter.java:62)
	at org.springframework.web.filter.OncePerRequestFilter.doFilter(OncePerRequestFilter.java:116)
	at org.springframework.security.web.FilterChainProxy$VirtualFilterChain.doFilter(FilterChainProxy.java:374)
	at org.springframework.security.web.session.DisableEncodeUrlFilter.doFilterInternal(DisableEncodeUrlFilter.java:42)
	at org.springframework.web.filter.OncePerRequestFilter.doFilter(OncePerRequestFilter.java:116)
	at org.springframework.security.web.FilterChainProxy$VirtualFilterChain.doFilter(FilterChainProxy.java:374)
	at org.springframework.security.web.FilterChainProxy.doFilterInternal(FilterChainProxy.java:233)
	at org.springframework.security.web.FilterChainProxy.doFilter(FilterChainProxy.java:191)
	at org.springframework.web.filter.CompositeFilter$VirtualFilterChain.doFilter(CompositeFilter.java:113)
	at org.springframework.web.filter.ServletRequestPathFilter.doFilter(ServletRequestPathFilter.java:52)
	at org.springframework.web.filter.CompositeFilter$VirtualFilterChain.doFilter(CompositeFilter.java:113)
	at org.springframework.web.filter.CompositeFilter.doFilter(CompositeFilter.java:74)
	at org.springframework.security.config.annotation.web.configuration.WebSecurityConfiguration$CompositeFilterChainProxy.doFilter(WebSecurityConfiguration.java:319)
	at org.springframework.web.filter.CompositeFilter$VirtualFilterChain.doFilter(CompositeFilter.java:113)
	at org.springframework.web.servlet.handler.HandlerMappingIntrospector.lambda$createCacheFilter$3(HandlerMappingIntrospector.java:243)
	at org.springframework.web.filter.CompositeFilter$VirtualFilterChain.doFilter(CompositeFilter.java:113)
	at org.springframework.web.filter.CompositeFilter.doFilter(CompositeFilter.java:74)
	at org.springframework.security.config.annotation.web.configuration.WebMvcSecurityConfiguration$CompositeFilterChainProxy.doFilter(WebMvcSecurityConfiguration.java:240)
	at org.springframework.web.filter.DelegatingFilterProxy.invokeDelegate(DelegatingFilterProxy.java:362)
	at org.springframework.web.filter.DelegatingFilterProxy.doFilter(DelegatingFilterProxy.java:278)
	at org.apache.catalina.core.ApplicationFilterChain.internalDoFilter(ApplicationFilterChain.java:164)
	at org.apache.catalina.core.ApplicationFilterChain.doFilter(ApplicationFilterChain.java:140)
	at org.springframework.web.filter.RequestContextFilter.doFilterInternal(RequestContextFilter.java:100)
	at org.springframework.web.filter.OncePerRequestFilter.doFilter(OncePerRequestFilter.java:116)
	at org.apache.catalina.core.ApplicationFilterChain.internalDoFilter(ApplicationFilterChain.java:164)
	at org.apache.catalina.core.ApplicationFilterChain.doFilter(ApplicationFilterChain.java:140)
	at org.springframework.web.filter.FormContentFilter.doFilterInternal(FormContentFilter.java:93)
	at org.springframework.web.filter.OncePerRequestFilter.doFilter(OncePerRequestFilter.java:116)
	at org.apache.catalina.core.ApplicationFilterChain.internalDoFilter(ApplicationFilterChain.java:164)
	at org.apache.catalina.core.ApplicationFilterChain.doFilter(ApplicationFilterChain.java:140)
	at org.springframework.web.filter.CharacterEncodingFilter.doFilterInternal(CharacterEncodingFilter.java:201)
	at org.springframework.web.filter.OncePerRequestFilter.doFilter(OncePerRequestFilter.java:116)
	at org.apache.catalina.core.ApplicationFilterChain.internalDoFilter(ApplicationFilterChain.java:164)
	at org.apache.catalina.core.ApplicationFilterChain.doFilter(ApplicationFilterChain.java:140)
	at org.apache.catalina.core.StandardWrapperValve.invoke(StandardWrapperValve.java:167)
	at org.apache.catalina.core.StandardContextValve.invoke(StandardContextValve.java:90)
	at org.apache.catalina.authenticator.AuthenticatorBase.invoke(AuthenticatorBase.java:483)
	at org.apache.catalina.core.StandardHostValve.invoke(StandardHostValve.java:116)
	at org.apache.catalina.valves.ErrorReportValve.invoke(ErrorReportValve.java:93)
	at org.apache.catalina.core.StandardEngineValve.invoke(StandardEngineValve.java:74)
	at org.apache.catalina.connector.CoyoteAdapter.service(CoyoteAdapter.java:344)
	at org.apache.coyote.http11.Http11Processor.service(Http11Processor.java:398)
	at org.apache.coyote.AbstractProcessorLight.process(AbstractProcessorLight.java:63)
	at org.apache.coyote.AbstractProtocol$ConnectionHandler.process(AbstractProtocol.java:903)
	at org.apache.tomcat.util.net.NioEndpoint$SocketProcessor.doRun(NioEndpoint.java:1740)
	at org.apache.tomcat.util.net.SocketProcessorBase.run(SocketProcessorBase.java:52)
	at org.apache.tomcat.util.threads.ThreadPoolExecutor.runWorker(ThreadPoolExecutor.java:1189)
	at org.apache.tomcat.util.threads.ThreadPoolExecutor$Worker.run(ThreadPoolExecutor.java:658)
	at org.apache.tomcat.util.threads.TaskThread$WrappingRunnable.run(TaskThread.java:63)
	at java.base/java.lang.Thread.run(Thread.java:1583)
2026-08-26T19:04:13.613+02:00  WARN 1756 --- [nio-8082-exec-3] .m.m.a.ExceptionHandlerExceptionResolver : Resolved [org.hibernate.LazyInitializationException: Could not initialize proxy [com.padell.padell.entity.Match#4] - no session]
Hibernate: select m1_0.id,m1_0.created_at,m1_0.date_conversion_public,m1_0.date_debut,m1_0.date_fin,m1_0.nb_joueurs_actuels,m1_0.organisateur_id,o1_0.id,o1_0.created_at,o1_0.email,o1_0.matricule,o1_0.nom,o1_0.password_hash,o1_0.prenom,o1_0.site_id,o1_0.solde,o1_0.type_membre,o1_0.updated_at,m1_0.prix_par_joueur,m1_0.prix_total,m1_0.statut,m1_0.terrain_id,t1_0.id,t1_0.created_at,t1_0.nom,t1_0.prix,t1_0.site_id,s2_0.id,s2_0.adresse,s2_0.annee_civile,s2_0.created_at,s2_0.duree_entre_match_minutes,s2_0.duree_match_minutes,s2_0.heure_fermeture,s2_0.heure_ouverture,s2_0.nom,s2_0.updated_at,t1_0.updated_at,m1_0.type_match,m1_0.updated_at from matches m1_0 join membres o1_0 on o1_0.id=m1_0.organisateur_id join terrains t1_0 on t1_0.id=m1_0.terrain_id join sites s2_0 on s2_0.id=t1_0.site_id where m1_0.type_match=? and m1_0.statut=?
Hibernate: select s1_0.id,s1_0.adresse,s1_0.annee_civile,s1_0.created_at,s1_0.duree_entre_match_minutes,s1_0.duree_match_minutes,s1_0.heure_fermeture,s1_0.heure_ouverture,s1_0.nom,s1_0.updated_at from sites s1_0
Hibernate: select m1_0.id,m1_0.created_at,m1_0.email,m1_0.matricule,m1_0.nom,m1_0.password_hash,m1_0.prenom,s1_0.id,s1_0.adresse,s1_0.annee_civile,s1_0.created_at,s1_0.duree_entre_match_minutes,s1_0.duree_match_minutes,s1_0.heure_fermeture,s1_0.heure_ouverture,s1_0.nom,s1_0.updated_at,m1_0.solde,m1_0.type_membre,m1_0.updated_at from membres m1_0 left join sites s1_0 on s1_0.id=m1_0.site_id where upper(m1_0.matricule)=upper(?)
Hibernate: select m1_0.id,m1_0.created_at,m1_0.date_conversion_public,m1_0.date_debut,m1_0.date_fin,m1_0.nb_joueurs_actuels,m1_0.organisateur_id,o1_0.id,o1_0.created_at,o1_0.email,o1_0.matricule,o1_0.nom,o1_0.password_hash,o1_0.prenom,o1_0.site_id,o1_0.solde,o1_0.type_membre,o1_0.updated_at,m1_0.prix_par_joueur,m1_0.prix_total,m1_0.statut,m1_0.terrain_id,t1_0.id,t1_0.created_at,t1_0.nom,t1_0.prix,t1_0.site_id,s2_0.id,s2_0.adresse,s2_0.annee_civile,s2_0.created_at,s2_0.duree_entre_match_minutes,s2_0.duree_match_minutes,s2_0.heure_fermeture,s2_0.heure_ouverture,s2_0.nom,s2_0.updated_at,t1_0.updated_at,m1_0.type_match,m1_0.updated_at from matches m1_0 join membres o1_0 on o1_0.id=m1_0.organisateur_id join terrains t1_0 on t1_0.id=m1_0.terrain_id join sites s2_0 on s2_0.id=t1_0.site_id where m1_0.id=?
2026-08-26T19:04:24.537+02:00  INFO 1756 --- [nio-8082-exec-2] c.p.p.service.impl.MatchServiceImpl      : Match 6 annulé par l'organisateur 5
Hibernate: update matches set date_conversion_public=?,date_debut=?,date_fin=?,nb_joueurs_actuels=?,organisateur_id=?,prix_par_joueur=?,prix_total=?,statut=?,terrain_id=?,type_match=?,updated_at=? where id=?
Hibernate: select s1_0.id,s1_0.adresse,s1_0.annee_civile,s1_0.created_at,s1_0.duree_entre_match_minutes,s1_0.duree_match_minutes,s1_0.heure_fermeture,s1_0.heure_ouverture,s1_0.nom,s1_0.updated_at from sites s1_0
Hibernate: select m1_0.id,m1_0.created_at,m1_0.date_conversion_public,m1_0.date_debut,m1_0.date_fin,m1_0.nb_joueurs_actuels,m1_0.organisateur_id,o1_0.id,o1_0.created_at,o1_0.email,o1_0.matricule,o1_0.nom,o1_0.password_hash,o1_0.prenom,o1_0.site_id,o1_0.solde,o1_0.type_membre,o1_0.updated_at,m1_0.prix_par_joueur,m1_0.prix_total,m1_0.statut,m1_0.terrain_id,t1_0.id,t1_0.created_at,t1_0.nom,t1_0.prix,t1_0.site_id,s2_0.id,s2_0.adresse,s2_0.annee_civile,s2_0.created_at,s2_0.duree_entre_match_minutes,s2_0.duree_match_minutes,s2_0.heure_fermeture,s2_0.heure_ouverture,s2_0.nom,s2_0.updated_at,t1_0.updated_at,m1_0.type_match,m1_0.updated_at from matches m1_0 join membres o1_0 on o1_0.id=m1_0.organisateur_id join terrains t1_0 on t1_0.id=m1_0.terrain_id join sites s2_0 on s2_0.id=t1_0.site_id where m1_0.type_match=? and m1_0.statut=?
